dataset,horizon,model,type,RMSE,MAE,R2,MAPE,time_seconds,status
ZWave2_Metered_Wall_Plug_Switch_computers_Sensor_power,H1,Naive,ML,8.1685,6.214,-0.095,11.2724,0.01,SUCCESS
ZWave2_Metered_Wall_Plug_Switch_computers_Sensor_power,H1,Ridge,ML,2.8317,1.5924,0.8684,2.9177,0.02,SUCCESS
ZWave2_Metered_Wall_Plug_Switch_computers_Sensor_power,H1,ElasticNet,ML,2.8553,1.5973,0.8662,2.8976,0.03,SUCCESS
ZWave2_Metered_Wall_Plug_Switch_computers_Sensor_power,H1,RandomForest,ML,3.7182,1.9514,0.7731,3.3905,12.79,SUCCESS
ZWave2_Metered_Wall_Plug_Switch_computers_Sensor_power,H1,ExtraTrees,ML,2.891,1.6521,0.8628,2.9453,1.05,SUCCESS
ZWave2_Metered_Wall_Plug_Switch_computers_Sensor_power,H1,KNN,ML,4.2087,2.7245,0.7093,4.8741,1.57,SUCCESS
ZWave2_Metered_Wall_Plug_Switch_computers_Sensor_power,H1,CatBoost,ML,3.0747,1.7909,0.8449,3.188,1.6,SUCCESS
ZWave2_Metered_Wall_Plug_Switch_computers_Sensor_power,H1,LightGBM,ML,3.2879,1.9433,0.8226,3.4408,1.89,SUCCESS
ZWave2_Metered_Wall_Plug_Switch_computers_Sensor_power,H1,XGBoost,ML,5.4901,2.7602,0.5054,4.8212,2.07,SUCCESS
ZWave2_Metered_Wall_Plug_Switch_computers_Sensor_power,H1,NGBoost,ML,3.8452,1.9286,0.7574,3.3239,116.41,SUCCESS
ZWave2_Metered_Wall_Plug_Switch_computers_Sensor_power,H1,Prophet,ML,7.8778,5.4222,-0.0184,9.5329,6.39,SUCCESS
ZWave2_Metered_Wall_Plug_Switch_computers_Sensor_power,H1,SARIMAX,ML,51.8906,50.3802,-43.1872,93.4079,0.41,SUCCESS
ZWave2_Metered_Wall_Plug_Switch_computers_Sensor_power,H1,PatchTST,ML,3.6133,2.0211,0.7857,3.693,38.06,SUCCESS
ZWave2_Metered_Wall_Plug_Switch_computers_Sensor_power,H1,TFT,ML,3.4609,1.7915,0.8034,3.166,28.01,SUCCESS
ZWave2_Metered_Wall_Plug_Switch_computers_Sensor_power,H5,Naive,ML,8.4385,6.6827,-0.1685,12.2666,0.01,SUCCESS
ZWave2_Metered_Wall_Plug_Switch_computers_Sensor_power,H5,Ridge,ML,4.5929,2.4372,0.6538,4.3542,0.01,SUCCESS
ZWave2_Metered_Wall_Plug_Switch_computers_Sensor_power,H5,ElasticNet,ML,4.5943,2.4093,0.6536,4.2601,0.03,SUCCESS
ZWave2_Metered_Wall_Plug_Switch_computers_Sensor_power,H5,RandomForest,ML,5.7395,2.8554,0.4594,4.9349,9.03,SUCCESS
ZWave2_Metered_Wall_Plug_Switch_computers_Sensor_power,H5,ExtraTrees,ML,5.0085,2.5979,0.5884,4.4594,1.07,SUCCESS
ZWave2_Metered_Wall_Plug_Switch_computers_Sensor_power,H5,KNN,ML,5.9999,3.4249,0.4093,6.0131,1.5,SUCCESS
ZWave2_Metered_Wall_Plug_Switch_computers_Sensor_power,H5,CatBoost,ML,5.8518,3.2278,0.4381,5.6341,1.65,SUCCESS
ZWave2_Metered_Wall_Plug_Switch_computers_Sensor_power,H5,LightGBM,ML,6.9347,3.605,0.2109,6.1965,1.91,SUCCESS
ZWave2_Metered_Wall_Plug_Switch_computers_Sensor_power,H5,XGBoost,ML,7.2131,3.8452,0.1462,6.71,2.17,SUCCESS
ZWave2_Metered_Wall_Plug_Switch_computers_Sensor_power,H5,NGBoost,ML,5.112,2.6496,0.5712,4.5484,119.67,SUCCESS
ZWave2_Metered_Wall_Plug_Switch_computers_Sensor_power,H5,Prophet,ML,7.8686,5.3988,-0.016,9.4802,4.72,SUCCESS
ZWave2_Metered_Wall_Plug_Switch_computers_Sensor_power,H5,SARIMAX,ML,51.8965,50.3828,-43.1943,93.4146,0.4,SUCCESS
ZWave2_Metered_Wall_Plug_Switch_computers_Sensor_power,H5,PatchTST,ML,5.272,3.012,0.5439,5.1916,20.27,SUCCESS
ZWave2_Metered_Wall_Plug_Switch_computers_Sensor_power,H5,TFT,ML,5.0415,2.5928,0.5829,4.4605,17.9,SUCCESS
ZWave2_Metered_Wall_Plug_Switch_computers_Sensor_power,H12,Naive,ML,8.7997,7.249,-0.2706,13.4444,0.01,SUCCESS
ZWave2_Metered_Wall_Plug_Switch_computers_Sensor_power,H12,Ridge,ML,5.8922,3.3642,0.4303,5.975,0.02,SUCCESS
ZWave2_Metered_Wall_Plug_Switch_computers_Sensor_power,H12,ElasticNet,ML,5.8417,3.2912,0.44,5.7731,0.04,SUCCESS
ZWave2_Metered_Wall_Plug_Switch_computers_Sensor_power,H12,RandomForest,ML,6.3497,3.4964,0.3384,6.0268,9.09,SUCCESS
ZWave2_Metered_Wall_Plug_Switch_computers_Sensor_power,H12,ExtraTrees,ML,6.1359,3.3969,0.3822,5.8522,1.04,SUCCESS
ZWave2_Metered_Wall_Plug_Switch_computers_Sensor_power,H12,KNN,ML,7.399,4.1326,0.1017,7.2056,1.5,SUCCESS
ZWave2_Metered_Wall_Plug_Switch_computers_Sensor_power,H12,CatBoost,ML,6.6384,3.944,0.2769,6.9169,1.59,SUCCESS
ZWave2_Metered_Wall_Plug_Switch_computers_Sensor_power,H12,LightGBM,ML,7.2701,4.1623,0.1327,7.2666,1.99,SUCCESS
ZWave2_Metered_Wall_Plug_Switch_computers_Sensor_power,H12,XGBoost,ML,7.2735,4.2435,0.1319,7.4639,2.22,SUCCESS
ZWave2_Metered_Wall_Plug_Switch_computers_Sensor_power,H12,NGBoost,ML,6.481,3.5205,0.3108,5.9995,120.62,SUCCESS
ZWave2_Metered_Wall_Plug_Switch_computers_Sensor_power,H12,Prophet,ML,7.8761,5.4559,-0.0179,9.6116,4.63,SUCCESS
ZWave2_Metered_Wall_Plug_Switch_computers_Sensor_power,H12,SARIMAX,ML,51.8563,50.3208,-43.1241,93.2974,0.36,SUCCESS
ZWave2_Metered_Wall_Plug_Switch_computers_Sensor_power,H12,PatchTST,ML,6.1664,3.771,0.3761,6.5599,20.1,SUCCESS
ZWave2_Metered_Wall_Plug_Switch_computers_Sensor_power,H12,TFT,ML,6.3351,3.5692,0.3415,6.0748,15.3,SUCCESS
ZWave_Node_016_the_whole_multiplier_over_the_window_Sensor_power,H1,Naive,ML,8.0911,1.2814,-0.0108,25.2295,0.01,SUCCESS
ZWave_Node_016_the_whole_multiplier_over_the_window_Sensor_power,H1,Ridge,ML,1.7114,0.1727,0.9548,4.6403,0.01,SUCCESS
ZWave_Node_016_the_whole_multiplier_over_the_window_Sensor_power,H1,ElasticNet,ML,1.9033,0.2285,0.9441,6.0939,0.07,SUCCESS
ZWave_Node_016_the_whole_multiplier_over_the_window_Sensor_power,H1,RandomForest,ML,3.3718,0.9737,0.8245,33.053,9.2,SUCCESS
ZWave_Node_016_the_whole_multiplier_over_the_window_Sensor_power,H1,ExtraTrees,ML,2.4526,0.5336,0.9071,13.258,1.23,SUCCESS
ZWave_Node_016_the_whole_multiplier_over_the_window_Sensor_power,H1,KNN,ML,4.2276,2.099,0.7241,92.8744,2.2,SUCCESS
ZWave_Node_016_the_whole_multiplier_over_the_window_Sensor_power,H1,CatBoost,ML,2.4915,0.5558,0.9042,13.7674,1.73,SUCCESS
ZWave_Node_016_the_whole_multiplier_over_the_window_Sensor_power,H1,LightGBM,ML,5.0228,1.3513,0.6105,26.3877,1.8,SUCCESS
ZWave_Node_016_the_whole_multiplier_over_the_window_Sensor_power,H1,XGBoost,ML,5.2594,1.1568,0.5729,35.844,1.8,SUCCESS
ZWave_Node_016_the_whole_multiplier_over_the_window_Sensor_power,H1,NGBoost,ML,2.5017,0.3083,0.9034,6.965,131.43,SUCCESS
ZWave_Node_016_the_whole_multiplier_over_the_window_Sensor_power,H1,Prophet,ML,24.5674,22.7389,-8.3186,1107.7738,11.63,SUCCESS
ZWave_Node_016_the_whole_multiplier_over_the_window_Sensor_power,H1,SARIMAX,ML,8.6316,3.1183,-0.1503,99.7798,0.55,SUCCESS
ZWave_Node_016_the_whole_multiplier_over_the_window_Sensor_power,H1,PatchTST,ML,3.4931,1.3712,0.8116,55.492,20.45,SUCCESS
ZWave_Node_016_the_whole_multiplier_over_the_window_Sensor_power,H1,TFT,ML,2.6315,0.6269,0.8931,21.8295,16.09,SUCCESS
ZWave_Node_016_the_whole_multiplier_over_the_window_Sensor_power,H5,Naive,ML,8.0927,1.2844,-0.0112,25.1945,0.01,SUCCESS
ZWave_Node_016_the_whole_multiplier_over_the_window_Sensor_power,H5,Ridge,ML,3.6192,0.6681,0.7978,20.4333,0.01,SUCCESS
ZWave_Node_016_the_whole_multiplier_over_the_window_Sensor_power,H5,ElasticNet,ML,3.7207,0.635,0.7863,18.0422,0.09,SUCCESS
ZWave_Node_016_the_whole_multiplier_over_the_window_Sensor_power,H5,RandomForest,ML,7.8834,2.3756,0.0405,63.4238,10.17,SUCCESS
ZWave_Node_016_the_whole_multiplier_over_the_window_Sensor_power,H5,ExtraTrees,ML,5.8992,2.1198,0.4627,68.5085,1.31,SUCCESS
ZWave_Node_016_the_whole_multiplier_over_the_window_Sensor_power,H5,KNN,ML,11.5419,3.0882,-1.0568,136.8332,2.22,SUCCESS
ZWave_Node_016_the_whole_multiplier_over_the_window_Sensor_power,H5,CatBoost,ML,7.2639,3.7537,0.1854,172.9016,1.78,SUCCESS
ZWave_Node_016_the_whole_multiplier_over_the_window_Sensor_power,H5,LightGBM,ML,6.9282,2.9843,0.2589,94.4441,1.84,SUCCESS
ZWave_Node_016_the_whole_multiplier_over_the_window_Sensor_power,H5,XGBoost,ML,6.6486,2.1972,0.3175,68.2983,1.88,SUCCESS
ZWave_Node_016_the_whole_multiplier_over_the_window_Sensor_power,H5,NGBoost,ML,4.3439,0.8277,0.7087,19.541,130.54,SUCCESS
ZWave_Node_016_the_whole_multiplier_over_the_window_Sensor_power,H5,Prophet,ML,24.7879,22.9539,-8.4867,1118.2527,9.96,SUCCESS
ZWave_Node_016_the_whole_multiplier_over_the_window_Sensor_power,H5,SARIMAX,ML,8.6316,3.1183,-0.1503,99.7813,0.54,SUCCESS
ZWave_Node_016_the_whole_multiplier_over_the_window_Sensor_power,H5,PatchTST,ML,4.8915,1.0758,0.6306,34.8452,17.55,SUCCESS
ZWave_Node_016_the_whole_multiplier_over_the_window_Sensor_power,H5,TFT,ML,4.2591,0.9073,0.7199,27.1539,19.19,SUCCESS
ZWave_Node_016_the_whole_multiplier_over_the_window_Sensor_power,H12,Naive,ML,8.09,1.2793,-0.0105,25.2688,0.02,SUCCESS
ZWave_Node_016_the_whole_multiplier_over_the_window_Sensor_power,H12,Ridge,ML,5.5284,1.3942,0.5281,46.1904,0.02,SUCCESS
ZWave_Node_016_the_whole_multiplier_over_the_window_Sensor_power,H12,ElasticNet,ML,5.5926,1.2242,0.5171,37.5757,0.14,SUCCESS
ZWave_Node_016_the_whole_multiplier_over_the_window_Sensor_power,H12,RandomForest,ML,8.1229,2.871,-0.0187,98.5082,9.11,SUCCESS
ZWave_Node_016_the_whole_multiplier_over_the_window_Sensor_power,H12,ExtraTrees,ML,7.1062,2.2884,0.2203,73.7409,1.24,SUCCESS
ZWave_Node_016_the_whole_multiplier_over_the_window_Sensor_power,H12,KNN,ML,14.7757,4.1207,-2.3708,178.9757,2.23,SUCCESS
ZWave_Node_016_the_whole_multiplier_over_the_window_Sensor_power,H12,CatBoost,ML,13.2897,8.4188,-1.7269,354.9665,1.8,SUCCESS
ZWave_Node_016_the_whole_multiplier_over_the_window_Sensor_power,H12,LightGBM,ML,9.3848,5.3056,-0.3598,216.8544,1.94,SUCCESS
ZWave_Node_016_the_whole_multiplier_over_the_window_Sensor_power,H12,XGBoost,ML,9.661,4.3014,-0.441,180.2753,1.91,SUCCESS
ZWave_Node_016_the_whole_multiplier_over_the_window_Sensor_power,H12,NGBoost,ML,5.9878,1.451,0.4464,45.1572,130.63,SUCCESS
ZWave_Node_016_the_whole_multiplier_over_the_window_Sensor_power,H12,Prophet,ML,24.5237,22.6984,-8.2855,1105.6614,11.26,SUCCESS
ZWave_Node_016_the_whole_multiplier_over_the_window_Sensor_power,H12,SARIMAX,ML,8.6316,3.118,-0.1503,99.7787,0.54,SUCCESS
ZWave_Node_016_the_whole_multiplier_over_the_window_Sensor_power,H12,PatchTST,ML,6.1393,1.6232,0.4181,56.865,17.48,SUCCESS
ZWave_Node_016_the_whole_multiplier_over_the_window_Sensor_power,H12,TFT,ML,6.2339,2.578,0.4,104.4666,11.97,SUCCESS
ZWave_Node_042_ZW095_Home_Energy_Meter__Gen_5_Electric_meter_watts,H1,Naive,ML,38.4389,21.8865,-0.2719,3.0584,0.01,SUCCESS
ZWave_Node_042_ZW095_Home_Energy_Meter__Gen_5_Electric_meter_watts,H1,Ridge,ML,13.215,5.4032,0.8497,0.7651,0.01,SUCCESS
ZWave_Node_042_ZW095_Home_Energy_Meter__Gen_5_Electric_meter_watts,H1,ElasticNet,ML,13.4111,5.2909,0.8452,0.746,0.13,SUCCESS
ZWave_Node_042_ZW095_Home_Energy_Meter__Gen_5_Electric_meter_watts,H1,RandomForest,ML,32.544,21.2899,0.0883,3.086,10.25,SUCCESS
ZWave_Node_042_ZW095_Home_Energy_Meter__Gen_5_Electric_meter_watts,H1,ExtraTrees,ML,17.0702,8.5509,0.7492,1.2249,1.18,SUCCESS
ZWave_Node_042_ZW095_Home_Energy_Meter__Gen_5_Electric_meter_watts,H1,KNN,ML,34.9371,27.6533,-0.0507,3.9712,1.9,SUCCESS
ZWave_Node_042_ZW095_Home_Energy_Meter__Gen_5_Electric_meter_watts,H1,CatBoost,ML,18.5767,9.1889,0.7029,1.321,1.63,SUCCESS
ZWave_Node_042_ZW095_Home_Energy_Meter__Gen_5_Electric_meter_watts,H1,LightGBM,ML,20.3394,11.5067,0.6439,1.656,1.7,SUCCESS
ZWave_Node_042_ZW095_Home_Energy_Meter__Gen_5_Electric_meter_watts,H1,XGBoost,ML,21.7769,12.3602,0.5918,1.7701,2.22,SUCCESS
ZWave_Node_042_ZW095_Home_Energy_Meter__Gen_5_Electric_meter_watts,H1,NGBoost,ML,21.321,8.3899,0.6087,1.2173,141.76,SUCCESS
ZWave_Node_042_ZW095_Home_Energy_Meter__Gen_5_Electric_meter_watts,H1,Prophet,ML,43.9049,29.0737,-0.6594,4.0982,9.51,SUCCESS
ZWave_Node_042_ZW095_Home_Energy_Meter__Gen_5_Electric_meter_watts,H1,SARIMAX,ML,625.5286,606.1719,-335.8305,88.2231,0.98,SUCCESS
ZWave_Node_042_ZW095_Home_Energy_Meter__Gen_5_Electric_meter_watts,H1,PatchTST,ML,22.8025,11.3629,0.5524,1.612,17.48,SUCCESS
ZWave_Node_042_ZW095_Home_Energy_Meter__Gen_5_Electric_meter_watts,H1,TFT,ML,21.5942,10.5124,0.5986,1.4856,18.41,SUCCESS
ZWave_Node_042_ZW095_Home_Energy_Meter__Gen_5_Electric_meter_watts,H5,Naive,ML,37.6475,20.9478,-0.2199,2.9258,0.01,SUCCESS
ZWave_Node_042_ZW095_Home_Energy_Meter__Gen_5_Electric_meter_watts,H5,Ridge,ML,21.0837,7.9834,0.6174,1.1139,0.01,SUCCESS
ZWave_Node_042_ZW095_Home_Energy_Meter__Gen_5_Electric_meter_watts,H5,ElasticNet,ML,20.62,7.5141,0.634,1.0442,0.21,SUCCESS
ZWave_Node_042_ZW095_Home_Energy_Meter__Gen_5_Electric_meter_watts,H5,RandomForest,ML,35.9603,21.4491,-0.113,3.0807,12.27,SUCCESS
ZWave_Node_042_ZW095_Home_Energy_Meter__Gen_5_Electric_meter_watts,H5,ExtraTrees,ML,24.5822,9.9197,0.4799,1.395,1.25,SUCCESS
ZWave_Node_042_ZW095_Home_Energy_Meter__Gen_5_Electric_meter_watts,H5,KNN,ML,45.7502,30.1289,-0.8015,4.3083,1.9,SUCCESS
ZWave_Node_042_ZW095_Home_Energy_Meter__Gen_5_Electric_meter_watts,H5,CatBoost,ML,31.9957,17.9871,0.1189,2.5772,1.65,SUCCESS
ZWave_Node_042_ZW095_Home_Energy_Meter__Gen_5_Electric_meter_watts,H5,LightGBM,ML,29.3491,15.6872,0.2586,2.231,1.83,SUCCESS
ZWave_Node_042_ZW095_Home_Energy_Meter__Gen_5_Electric_meter_watts,H5,XGBoost,ML,38.3393,20.6414,-0.2652,2.9709,2.25,SUCCESS
ZWave_Node_042_ZW095_Home_Energy_Meter__Gen_5_Electric_meter_watts,H5,NGBoost,ML,25.4503,11.4701,0.4425,1.6432,141.12,SUCCESS
ZWave_Node_042_ZW095_Home_Energy_Meter__Gen_5_Electric_meter_watts,H5,Prophet,ML,42.0933,26.9231,-0.525,3.7887,9.12,SUCCESS
ZWave_Node_042_ZW095_Home_Energy_Meter__Gen_5_Electric_meter_watts,H5,SARIMAX,ML,625.3728,605.915,-335.6136,88.1834,1.02,SUCCESS
ZWave_Node_042_ZW095_Home_Energy_Meter__Gen_5_Electric_meter_watts,H5,PatchTST,ML,24.7513,11.4082,0.4727,1.5969,17.42,SUCCESS
ZWave_Node_042_ZW095_Home_Energy_Meter__Gen_5_Electric_meter_watts,H5,TFT,ML,31.8947,18.2679,0.1244,2.5831,15.69,SUCCESS
ZWave_Node_042_ZW095_Home_Energy_Meter__Gen_5_Electric_meter_watts,H12,Naive,ML,41.7335,25.8575,-0.4985,3.6249,0.02,SUCCESS
ZWave_Node_042_ZW095_Home_Energy_Meter__Gen_5_Electric_meter_watts,H12,Ridge,ML,27.5841,10.6824,0.3453,1.4794,0.02,SUCCESS
ZWave_Node_042_ZW095_Home_Energy_Meter__Gen_5_Electric_meter_watts,H12,ElasticNet,ML,26.7871,9.8629,0.3826,1.3599,0.21,SUCCESS
ZWave_Node_042_ZW095_Home_Energy_Meter__Gen_5_Electric_meter_watts,H12,RandomForest,ML,32.4799,15.6914,0.0923,2.1957,10.32,SUCCESS
ZWave_Node_042_ZW095_Home_Energy_Meter__Gen_5_Electric_meter_watts,H12,ExtraTrees,ML,32.3605,14.6665,0.099,2.0445,1.2,SUCCESS
ZWave_Node_042_ZW095_Home_Energy_Meter__Gen_5_Electric_meter_watts,H12,KNN,ML,54.0076,32.3574,-1.5096,4.6092,1.91,SUCCESS
ZWave_Node_042_ZW095_Home_Energy_Meter__Gen_5_Electric_meter_watts,H12,CatBoost,ML,44.0499,25.8432,-0.6695,3.7297,1.71,SUCCESS
ZWave_Node_042_ZW095_Home_Energy_Meter__Gen_5_Electric_meter_watts,H12,LightGBM,ML,44.3887,25.434,-0.6953,3.6602,1.94,SUCCESS
ZWave_Node_042_ZW095_Home_Energy_Meter__Gen_5_Electric_meter_watts,H12,XGBoost,ML,44.1835,26.6287,-0.6796,3.8356,2.25,SUCCESS
ZWave_Node_042_ZW095_Home_Energy_Meter__Gen_5_Electric_meter_watts,H12,NGBoost,ML,30.4303,14.1379,0.2033,1.9905,140.73,SUCCESS
ZWave_Node_042_ZW095_Home_Energy_Meter__Gen_5_Electric_meter_watts,H12,Prophet,ML,42.512,27.4068,-0.555,3.858,9.37,SUCCESS
ZWave_Node_042_ZW095_Home_Energy_Meter__Gen_5_Electric_meter_watts,H12,SARIMAX,ML,625.8819,606.8107,-336.0392,88.3151,1.02,SUCCESS
ZWave_Node_042_ZW095_Home_Energy_Meter__Gen_5_Electric_meter_watts,H12,PatchTST,ML,49.3211,33.369,-1.093,4.7616,17.45,SUCCESS
ZWave_Node_042_ZW095_Home_Energy_Meter__Gen_5_Electric_meter_watts,H12,TFT,ML,43.9289,25.7383,-0.6603,3.6442,14.34,SUCCESS
ZWave_Node_042_ZW095_Home_Energy_Meter__Gen_5_Electric_meter_watts_2,H1,Naive,ML,46.4618,40.7553,-3.1112,14.7688,0.01,SUCCESS
ZWave_Node_042_ZW095_Home_Energy_Meter__Gen_5_Electric_meter_watts_2,H1,Ridge,ML,6.8199,3.2942,0.9114,1.1972,0.01,SUCCESS
ZWave_Node_042_ZW095_Home_Energy_Meter__Gen_5_Electric_meter_watts_2,H1,ElasticNet,ML,6.8455,3.1461,0.9108,1.1383,0.1,SUCCESS
ZWave_Node_042_ZW095_Home_Energy_Meter__Gen_5_Electric_meter_watts_2,H1,RandomForest,ML,14.8214,8.1017,0.5816,2.9664,9.96,SUCCESS
ZWave_Node_042_ZW095_Home_Energy_Meter__Gen_5_Electric_meter_watts_2,H1,ExtraTrees,ML,9.8033,6.1989,0.817,2.29,1.16,SUCCESS
ZWave_Node_042_ZW095_Home_Energy_Meter__Gen_5_Electric_meter_watts_2,H1,KNN,ML,20.8867,15.84,0.1692,5.6963,1.91,SUCCESS
ZWave_Node_042_ZW095_Home_Energy_Meter__Gen_5_Electric_meter_watts_2,H1,CatBoost,ML,18.2815,12.4053,0.3635,4.547,1.62,SUCCESS
ZWave_Node_042_ZW095_Home_Energy_Meter__Gen_5_Electric_meter_watts_2,H1,LightGBM,ML,13.1124,8.9841,0.6726,3.2809,1.73,SUCCESS
ZWave_Node_042_ZW095_Home_Energy_Meter__Gen_5_Electric_meter_watts_2,H1,XGBoost,ML,42.6178,31.2449,-2.4591,11.4009,2.16,SUCCESS
ZWave_Node_042_ZW095_Home_Energy_Meter__Gen_5_Electric_meter_watts_2,H1,NGBoost,ML,9.7193,5.892,0.8201,2.2193,140.5,SUCCESS
ZWave_Node_042_ZW095_Home_Energy_Meter__Gen_5_Electric_meter_watts_2,H1,Prophet,ML,65.5783,58.7925,-7.1903,21.3935,9.08,SUCCESS
ZWave_Node_042_ZW095_Home_Energy_Meter__Gen_5_Electric_meter_watts_2,H1,SARIMAX,ML,250.8913,244.2798,-118.8812,91.1451,0.92,SUCCESS
ZWave_Node_042_ZW095_Home_Energy_Meter__Gen_5_Electric_meter_watts_2,H1,PatchTST,ML,13.9059,9.478,0.6317,3.4503,25.69,SUCCESS
ZWave_Node_042_ZW095_Home_Energy_Meter__Gen_5_Electric_meter_watts_2,H1,TFT,ML,10.8269,6.1322,0.7768,2.2115,25.69,SUCCESS
ZWave_Node_042_ZW095_Home_Energy_Meter__Gen_5_Electric_meter_watts_2,H5,Naive,ML,43.5953,37.4704,-2.6193,13.5323,0.01,SUCCESS
ZWave_Node_042_ZW095_Home_Energy_Meter__Gen_5_Electric_meter_watts_2,H5,Ridge,ML,10.4724,5.0907,0.7911,1.85,0.02,SUCCESS
ZWave_Node_042_ZW095_Home_Energy_Meter__Gen_5_Electric_meter_watts_2,H5,ElasticNet,ML,10.0144,4.3621,0.809,1.5712,0.21,SUCCESS
ZWave_Node_042_ZW095_Home_Energy_Meter__Gen_5_Electric_meter_watts_2,H5,RandomForest,ML,26.9667,17.8007,-0.3848,6.5436,11.4,SUCCESS
ZWave_Node_042_ZW095_Home_Energy_Meter__Gen_5_Electric_meter_watts_2,H5,ExtraTrees,ML,18.1676,12.9207,0.3714,4.7324,1.15,SUCCESS
ZWave_Node_042_ZW095_Home_Energy_Meter__Gen_5_Electric_meter_watts_2,H5,KNN,ML,24.733,17.4126,-0.1649,6.2536,1.9,SUCCESS
ZWave_Node_042_ZW095_Home_Energy_Meter__Gen_5_Electric_meter_watts_2,H5,CatBoost,ML,19.3225,11.4098,0.289,4.2251,1.68,SUCCESS
ZWave_Node_042_ZW095_Home_Energy_Meter__Gen_5_Electric_meter_watts_2,H5,LightGBM,ML,23.4373,16.0752,-0.0461,5.9353,1.86,SUCCESS
ZWave_Node_042_ZW095_Home_Energy_Meter__Gen_5_Electric_meter_watts_2,H5,XGBoost,ML,24.0397,15.5223,-0.1005,5.7858,2.17,SUCCESS
ZWave_Node_042_ZW095_Home_Energy_Meter__Gen_5_Electric_meter_watts_2,H5,NGBoost,ML,19.7153,13.7326,0.2598,5.0306,139.87,SUCCESS
ZWave_Node_042_ZW095_Home_Energy_Meter__Gen_5_Electric_meter_watts_2,H5,Prophet,ML,65.1096,58.3647,-7.073,21.2375,9.62,SUCCESS
ZWave_Node_042_ZW095_Home_Energy_Meter__Gen_5_Electric_meter_watts_2,H5,SARIMAX,ML,250.7606,244.0338,-118.7473,91.0441,1.5,SUCCESS
ZWave_Node_042_ZW095_Home_Energy_Meter__Gen_5_Electric_meter_watts_2,H5,PatchTST,ML,20.2792,11.4555,0.2168,4.2185,25.73,SUCCESS
ZWave_Node_042_ZW095_Home_Energy_Meter__Gen_5_Electric_meter_watts_2,H5,TFT,ML,16.8268,8.4873,0.4608,3.0756,20.47,SUCCESS
ZWave_Node_042_ZW095_Home_Energy_Meter__Gen_5_Electric_meter_watts_2,H12,Naive,ML,41.5412,35.0806,-2.2858,12.6334,0.02,SUCCESS
ZWave_Node_042_ZW095_Home_Energy_Meter__Gen_5_Electric_meter_watts_2,H12,Ridge,ML,13.498,7.4818,0.6531,2.7291,0.02,SUCCESS
ZWave_Node_042_ZW095_Home_Energy_Meter__Gen_5_Electric_meter_watts_2,H12,ElasticNet,ML,12.5987,6.0492,0.6978,2.1887,0.17,SUCCESS
ZWave_Node_042_ZW095_Home_Energy_Meter__Gen_5_Electric_meter_watts_2,H12,RandomForest,ML,24.0961,11.9156,-0.1055,4.4695,9.82,SUCCESS
ZWave_Node_042_ZW095_Home_Energy_Meter__Gen_5_Electric_meter_watts_2,H12,ExtraTrees,ML,16.2154,9.6876,0.4993,3.5418,1.16,SUCCESS
ZWave_Node_042_ZW095_Home_Energy_Meter__Gen_5_Electric_meter_watts_2,H12,KNN,ML,27.4623,18.475,-0.436,6.6394,1.91,SUCCESS
ZWave_Node_042_ZW095_Home_Energy_Meter__Gen_5_Electric_meter_watts_2,H12,CatBoost,ML,22.143,13.0803,0.0664,4.7829,1.71,SUCCESS
ZWave_Node_042_ZW095_Home_Energy_Meter__Gen_5_Electric_meter_watts_2,H12,LightGBM,ML,32.6667,23.3643,-1.0318,8.6384,1.95,SUCCESS
ZWave_Node_042_ZW095_Home_Energy_Meter__Gen_5_Electric_meter_watts_2,H12,XGBoost,ML,32.624,21.529,-1.0265,8.0241,2.22,SUCCESS
ZWave_Node_042_ZW095_Home_Energy_Meter__Gen_5_Electric_meter_watts_2,H12,NGBoost,ML,22.3541,13.1008,0.0485,4.7538,139.35,SUCCESS
ZWave_Node_042_ZW095_Home_Energy_Meter__Gen_5_Electric_meter_watts_2,H12,Prophet,ML,64.8015,58.0906,-6.9956,21.1378,11.72,SUCCESS
ZWave_Node_042_ZW095_Home_Energy_Meter__Gen_5_Electric_meter_watts_2,H12,SARIMAX,ML,250.6574,243.8349,-118.63,90.9602,1.51,SUCCESS
ZWave_Node_042_ZW095_Home_Energy_Meter__Gen_5_Electric_meter_watts_2,H12,PatchTST,ML,21.9219,11.6671,0.085,4.2743,25.73,SUCCESS
ZWave_Node_042_ZW095_Home_Energy_Meter__Gen_5_Electric_meter_watts_2,H12,TFT,ML,29.8998,16.8377,-0.7022,6.1596,21.84,SUCCESS
Wall_Plug_2_Sensor_power,H1,Naive,ML,2.7717,1.421,-0.2072,247.4475,0.06,SUCCESS
Wall_Plug_2_Sensor_power,H1,Ridge,ML,0.4354,0.0153,0.9702,1.2851,0.09,SUCCESS
Wall_Plug_2_Sensor_power,H1,ElasticNet,ML,0.5236,0.0319,0.9569,3.1632,0.73,SUCCESS
Wall_Plug_2_Sensor_power,H1,RandomForest,ML,0.8828,0.1314,0.8775,15.8007,65.92,SUCCESS
Wall_Plug_2_Sensor_power,H1,ExtraTrees,ML,0.5369,0.0888,0.9547,12.6412,17.55,SUCCESS
Wall_Plug_2_Sensor_power,H1,KNN,ML,0.9303,0.4511,0.864,77.5929,81.55,SUCCESS
Wall_Plug_2_Sensor_power,H1,CatBoost,ML,1.0815,0.2761,0.8162,41.5478,7.55,SUCCESS
Wall_Plug_2_Sensor_power,H1,LightGBM,ML,0.7603,0.128,0.9092,15.8047,3.1,SUCCESS
Wall_Plug_2_Sensor_power,H1,XGBoost,ML,0.6283,0.2356,0.938,39.4778,5.74,SUCCESS
Wall_Plug_2_Sensor_power,H1,NGBoost,ML,1.153,0.0749,0.7911,5.1698,976.03,SUCCESS
Wall_Plug_2_Sensor_power,H1,Prophet,ML,4.203,3.4929,-1.776,649.2906,47.44,SUCCESS
Wall_Plug_2_Sensor_power,H1,SARIMAX,ML,2.6104,0.671,-0.0708,99.8907,4.18,SUCCESS
Wall_Plug_2_Sensor_power,H1,PatchTST,ML,0.9709,0.1382,0.8519,17.2233,41.58,SUCCESS
Wall_Plug_2_Sensor_power,H1,TFT,ML,1.0169,0.1058,0.8375,10.3741,27.31,SUCCESS
Wall_Plug_2_Sensor_power,H5,Naive,ML,2.7514,1.3715,-0.1896,237.9352,0.06,SUCCESS
Wall_Plug_2_Sensor_power,H5,Ridge,ML,0.934,0.0534,0.8629,4.6038,0.08,SUCCESS
Wall_Plug_2_Sensor_power,H5,ElasticNet,ML,0.9423,0.0619,0.8605,5.7895,0.71,SUCCESS
Wall_Plug_2_Sensor_power,H5,RandomForest,ML,1.01,0.14,0.8397,16.8056,63.47,SUCCESS
Wall_Plug_2_Sensor_power,H5,ExtraTrees,ML,0.9683,0.1169,0.8527,14.0642,17.69,SUCCESS
Wall_Plug_2_Sensor_power,H5,KNN,ML,1.5567,0.4897,0.6192,79.9931,81.57,SUCCESS
Wall_Plug_2_Sensor_power,H5,CatBoost,ML,1.4406,0.3279,0.6739,49.3236,7.92,SUCCESS
Wall_Plug_2_Sensor_power,H5,LightGBM,ML,1.159,0.1948,0.7889,26.7347,3.15,SUCCESS
Wall_Plug_2_Sensor_power,H5,XGBoost,ML,1.2239,0.2714,0.7646,39.9813,5.87,SUCCESS
Wall_Plug_2_Sensor_power,H5,NGBoost,ML,1.2536,0.1123,0.7531,9.4624,971.36,SUCCESS
Wall_Plug_2_Sensor_power,H5,Prophet,ML,4.293,3.5976,-1.8961,669.5184,53.92,SUCCESS
Wall_Plug_2_Sensor_power,H5,SARIMAX,ML,2.6104,0.671,-0.0708,99.8889,3.98,SUCCESS
Wall_Plug_2_Sensor_power,H5,PatchTST,ML,1.2483,0.1525,0.7551,17.2092,38.78,SUCCESS
Wall_Plug_2_Sensor_power,H5,TFT,ML,1.1548,0.1087,0.7904,10.2021,29.34,SUCCESS
Wall_Plug_2_Sensor_power,H12,Naive,ML,2.7843,1.4506,-0.2182,253.1592,0.08,SUCCESS
Wall_Plug_2_Sensor_power,H12,Ridge,ML,1.2967,0.1004,0.7358,9.737,0.08,SUCCESS
Wall_Plug_2_Sensor_power,H12,ElasticNet,ML,1.2816,0.0991,0.7419,9.653,0.81,SUCCESS
Wall_Plug_2_Sensor_power,H12,RandomForest,ML,1.3726,0.1972,0.704,25.3637,63.08,SUCCESS
Wall_Plug_2_Sensor_power,H12,ExtraTrees,ML,1.3537,0.1544,0.712,17.5088,17.58,SUCCESS
Wall_Plug_2_Sensor_power,H12,KNN,ML,1.828,0.5114,0.4749,81.7388,81.52,SUCCESS
Wall_Plug_2_Sensor_power,H12,CatBoost,ML,1.7492,0.3258,0.5192,44.839,7.71,SUCCESS
Wall_Plug_2_Sensor_power,H12,LightGBM,ML,1.4207,0.2043,0.6828,29.316,3.22,SUCCESS
Wall_Plug_2_Sensor_power,H12,XGBoost,ML,1.4806,0.2999,0.6555,45.6276,6.01,SUCCESS
Wall_Plug_2_Sensor_power,H12,NGBoost,ML,1.3766,0.1164,0.7022,10.164,969.99,SUCCESS
Wall_Plug_2_Sensor_power,H12,Prophet,ML,4.3166,3.6249,-1.9281,674.798,48.08,SUCCESS
Wall_Plug_2_Sensor_power,H12,SARIMAX,ML,2.6104,0.671,-0.0708,99.8938,4.07,SUCCESS
Wall_Plug_2_Sensor_power,H12,PatchTST,ML,1.4499,0.1518,0.6696,16.0811,33.3,SUCCESS
Wall_Plug_2_Sensor_power,H12,TFT,ML,1.4929,0.1319,0.6498,10.8915,23.29,SUCCESS
WavePlug_UPS_Sensor_power,H1,Naive,ML,49.3988,29.002,-0.5248,46.1869,0.06,SUCCESS
WavePlug_UPS_Sensor_power,H1,Ridge,ML,4.2953,1.3402,0.9885,2.5463,0.08,SUCCESS
WavePlug_UPS_Sensor_power,H1,ElasticNet,ML,5.0171,1.577,0.9843,3.1563,2.23,SUCCESS
WavePlug_UPS_Sensor_power,H1,RandomForest,ML,5.6369,2.2068,0.9801,4.5511,50.39,SUCCESS
WavePlug_UPS_Sensor_power,H1,ExtraTrees,ML,4.3171,1.4974,0.9884,2.8542,16.72,SUCCESS
WavePlug_UPS_Sensor_power,H1,KNN,ML,12.5534,7.1762,0.9015,17.5269,84.36,SUCCESS
WavePlug_UPS_Sensor_power,H1,CatBoost,ML,9.7692,3.6667,0.9404,5.0557,7.5,SUCCESS
WavePlug_UPS_Sensor_power,H1,LightGBM,ML,6.1869,2.5234,0.9761,3.686,3.3,SUCCESS
WavePlug_UPS_Sensor_power,H1,XGBoost,ML,8.1618,3.0286,0.9584,5.0636,6.37,SUCCESS
WavePlug_UPS_Sensor_power,H1,NGBoost,ML,8.5328,3.1421,0.9545,5.1635,772.74,SUCCESS
WavePlug_UPS_Sensor_power,H1,Prophet,ML,46.5227,37.6693,-0.3524,161.7592,55.65,SUCCESS
WavePlug_UPS_Sensor_power,H1,SARIMAX,ML,56.621,40.0498,-1.0033,99.7804,5.74,SUCCESS
WavePlug_UPS_Sensor_power,H1,PatchTST,ML,7.2446,3.0607,0.9672,6.7552,30.63,SUCCESS
WavePlug_UPS_Sensor_power,H1,TFT,ML,5.9562,2.3004,0.9778,5.957,32.15,SUCCESS
WavePlug_UPS_Sensor_power,H5,Naive,ML,49.3793,28.9733,-0.5236,46.067,0.06,SUCCESS
WavePlug_UPS_Sensor_power,H5,Ridge,ML,7.7471,2.2299,0.9625,5.036,0.08,SUCCESS
WavePlug_UPS_Sensor_power,H5,ElasticNet,ML,8.1189,2.3924,0.9588,5.4625,2.4,SUCCESS
WavePlug_UPS_Sensor_power,H5,RandomForest,ML,12.8354,5.4305,0.8971,14.1787,50.19,SUCCESS
WavePlug_UPS_Sensor_power,H5,ExtraTrees,ML,8.6755,3.332,0.953,7.4523,16.76,SUCCESS
WavePlug_UPS_Sensor_power,H5,KNN,ML,17.7873,9.3697,0.8023,21.4247,84.2,SUCCESS
WavePlug_UPS_Sensor_power,H5,CatBoost,ML,16.837,6.2209,0.8229,9.8678,7.6,SUCCESS
WavePlug_UPS_Sensor_power,H5,LightGBM,ML,18.3935,7.1223,0.7886,11.0929,3.28,SUCCESS
WavePlug_UPS_Sensor_power,H5,XGBoost,ML,18.2869,7.2209,0.791,12.7221,6.63,SUCCESS
WavePlug_UPS_Sensor_power,H5,NGBoost,ML,12.1978,4.4604,0.907,8.9366,773.5,SUCCESS
WavePlug_UPS_Sensor_power,H5,Prophet,ML,46.5968,37.803,-0.3567,163.0838,62.98,SUCCESS
WavePlug_UPS_Sensor_power,H5,SARIMAX,ML,56.6209,40.0498,-1.0033,99.7801,5.38,SUCCESS
WavePlug_UPS_Sensor_power,H5,PatchTST,ML,9.679,3.9317,0.9415,8.5804,41.69,SUCCESS
WavePlug_UPS_Sensor_power,H5,TFT,ML,10.7443,4.2798,0.9279,8.1002,32.18,SUCCESS
WavePlug_UPS_Sensor_power,H12,Naive,ML,49.2526,28.7918,-0.5158,45.3328,0.07,SUCCESS
WavePlug_UPS_Sensor_power,H12,Ridge,ML,11.2387,3.6493,0.9211,9.3761,0.08,SUCCESS
WavePlug_UPS_Sensor_power,H12,ElasticNet,ML,11.4902,3.7741,0.9175,9.6893,2.51,SUCCESS
WavePlug_UPS_Sensor_power,H12,RandomForest,ML,22.685,8.8685,0.6784,20.8759,49.9,SUCCESS
WavePlug_UPS_Sensor_power,H12,ExtraTrees,ML,13.5593,5.5519,0.8851,13.0226,16.91,SUCCESS
WavePlug_UPS_Sensor_power,H12,KNN,ML,21.8455,11.3316,0.7018,25.5034,84.26,SUCCESS
WavePlug_UPS_Sensor_power,H12,CatBoost,ML,21.1372,9.1767,0.7208,18.242,7.71,SUCCESS
WavePlug_UPS_Sensor_power,H12,LightGBM,ML,26.273,11.3536,0.5687,22.0967,3.35,SUCCESS
WavePlug_UPS_Sensor_power,H12,XGBoost,ML,25.2646,10.6818,0.6011,23.9898,6.81,SUCCESS
WavePlug_UPS_Sensor_power,H12,NGBoost,ML,15.7684,6.2097,0.8446,13.5527,773.43,SUCCESS
WavePlug_UPS_Sensor_power,H12,Prophet,ML,46.7439,38.06,-0.3653,165.6157,70.92,SUCCESS
WavePlug_UPS_Sensor_power,H12,SARIMAX,ML,56.6209,40.0496,-1.0033,99.7777,5.33,SUCCESS
WavePlug_UPS_Sensor_power,H12,PatchTST,ML,12.9468,5.0391,0.8953,11.6111,41.72,SUCCESS
WavePlug_UPS_Sensor_power,H12,TFT,ML,13.4131,5.6165,0.8876,11.4546,22.38,SUCCESS
ZWave5_network_switch_Sensor_power,H1,Naive,ML,0.1099,0.0383,-0.1152,1.0662,0.05,SUCCESS
ZWave5_network_switch_Sensor_power,H1,Ridge,ML,0.022,0.0031,0.9552,0.0891,0.07,SUCCESS
ZWave5_network_switch_Sensor_power,H1,ElasticNet,ML,0.0552,0.0347,0.719,1.0109,0.18,SUCCESS
ZWave5_network_switch_Sensor_power,H1,RandomForest,ML,0.0223,0.0031,0.9539,0.0898,19.49,SUCCESS
ZWave5_network_switch_Sensor_power,H1,ExtraTrees,ML,0.021,0.0029,0.9594,0.0855,15.4,SUCCESS
ZWave5_network_switch_Sensor_power,H1,KNN,ML,0.0339,0.0083,0.8939,0.2401,55.43,SUCCESS
ZWave5_network_switch_Sensor_power,H1,CatBoost,ML,0.0203,0.0027,0.962,0.0782,6.21,SUCCESS
ZWave5_network_switch_Sensor_power,H1,LightGBM,ML,0.0208,0.003,0.9599,0.0867,2.48,SUCCESS
ZWave5_network_switch_Sensor_power,H1,XGBoost,ML,0.0247,0.0042,0.9435,0.1235,4.61,SUCCESS
ZWave5_network_switch_Sensor_power,H1,NGBoost,ML,0.0206,0.0027,0.961,0.0772,273.4,SUCCESS
ZWave5_network_switch_Sensor_power,H1,Prophet,ML,0.1075,0.064,-0.0673,1.8545,45.27,SUCCESS
ZWave5_network_switch_Sensor_power,H1,SARIMAX,ML,2.433,2.2762,-545.5236,68.1725,4.86,SUCCESS
ZWave5_network_switch_Sensor_power,H1,PatchTST,ML,0.0325,0.0093,0.9022,0.2713,51.57,SUCCESS
ZWave5_network_switch_Sensor_power,H1,TFT,ML,0.0312,0.0107,0.9102,0.3132,30.67,SUCCESS
ZWave5_network_switch_Sensor_power,H5,Naive,ML,0.1099,0.0383,-0.1152,1.0662,0.06,SUCCESS
ZWave5_network_switch_Sensor_power,H5,Ridge,ML,0.0448,0.012,0.8146,0.3482,0.08,SUCCESS
ZWave5_network_switch_Sensor_power,H5,ElasticNet,ML,0.0685,0.042,0.5663,1.2217,0.18,SUCCESS
ZWave5_network_switch_Sensor_power,H5,RandomForest,ML,0.0445,0.0107,0.8168,0.3098,18.94,SUCCESS
ZWave5_network_switch_Sensor_power,H5,ExtraTrees,ML,0.0427,0.0109,0.8313,0.3151,14.77,SUCCESS
ZWave5_network_switch_Sensor_power,H5,KNN,ML,0.0708,0.0194,0.5368,0.5669,55.37,SUCCESS
ZWave5_network_switch_Sensor_power,H5,CatBoost,ML,0.0434,0.0124,0.8264,0.3605,6.35,SUCCESS
ZWave5_network_switch_Sensor_power,H5,LightGBM,ML,0.0463,0.0132,0.8024,0.3828,2.67,SUCCESS
ZWave5_network_switch_Sensor_power,H5,XGBoost,ML,0.0474,0.0139,0.7926,0.4058,4.97,SUCCESS
ZWave5_network_switch_Sensor_power,H5,NGBoost,ML,0.0433,0.0109,0.8268,0.3171,273.06,SUCCESS
ZWave5_network_switch_Sensor_power,H5,Prophet,ML,0.1075,0.062,-0.0668,1.7946,42.68,SUCCESS
ZWave5_network_switch_Sensor_power,H5,SARIMAX,ML,2.433,2.2763,-545.5284,68.1729,5.38,SUCCESS
ZWave5_network_switch_Sensor_power,H5,PatchTST,ML,0.0471,0.0141,0.7953,0.4105,57.15,SUCCESS
ZWave5_network_switch_Sensor_power,H5,TFT,ML,0.0487,0.0145,0.7809,0.4207,30.78,SUCCESS
ZWave5_network_switch_Sensor_power,H12,Naive,ML,0.1099,0.0383,-0.1152,1.0662,0.06,SUCCESS
ZWave5_network_switch_Sensor_power,H12,Ridge,ML,0.0644,0.023,0.6175,0.6635,0.09,SUCCESS
ZWave5_network_switch_Sensor_power,H12,ElasticNet,ML,0.0841,0.052,0.3475,1.5115,0.17,SUCCESS
ZWave5_network_switch_Sensor_power,H12,RandomForest,ML,0.0651,0.022,0.6088,0.6382,18.72,SUCCESS
ZWave5_network_switch_Sensor_power,H12,ExtraTrees,ML,0.0634,0.0224,0.6287,0.6498,14.3,SUCCESS
ZWave5_network_switch_Sensor_power,H12,KNN,ML,0.0916,0.0292,0.2251,0.8482,55.39,SUCCESS
ZWave5_network_switch_Sensor_power,H12,CatBoost,ML,0.0649,0.0243,0.6112,0.7056,6.6,SUCCESS
ZWave5_network_switch_Sensor_power,H12,LightGBM,ML,0.0677,0.0263,0.5768,0.7667,2.69,SUCCESS
ZWave5_network_switch_Sensor_power,H12,XGBoost,ML,0.0711,0.0312,0.5334,0.9144,5.22,SUCCESS
ZWave5_network_switch_Sensor_power,H12,NGBoost,ML,0.0628,0.0223,0.6361,0.6458,273.38,SUCCESS
ZWave5_network_switch_Sensor_power,H12,Prophet,ML,0.1075,0.0617,-0.067,1.7851,40.28,SUCCESS
ZWave5_network_switch_Sensor_power,H12,SARIMAX,ML,2.433,2.2763,-545.5281,68.173,5.28,SUCCESS
ZWave5_network_switch_Sensor_power,H12,PatchTST,ML,0.0653,0.022,0.6065,0.6373,48.88,SUCCESS
ZWave5_network_switch_Sensor_power,H12,TFT,ML,0.0649,0.0217,0.611,0.6251,25.65,SUCCESS
ZWave7_bookcase_Sensor_power,H1,Naive,ML,0.001,0.0,-0.0001,100.0,0.05,SUCCESS
ZWave7_bookcase_Sensor_power,H1,Ridge,ML,0.0012,0.0001,-0.3695,76.1915,0.07,SUCCESS
ZWave7_bookcase_Sensor_power,H1,ElasticNet,ML,0.001,0.0,-0.0,99.991,0.11,SUCCESS
ZWave7_bookcase_Sensor_power,H1,RandomForest,ML,0.001,0.0,0.0573,83.8462,7.48,SUCCESS
ZWave7_bookcase_Sensor_power,H1,ExtraTrees,ML,0.0011,0.0,-0.2585,77.461,10.94,SUCCESS
ZWave7_bookcase_Sensor_power,H1,KNN,ML,0.001,0.0,0.0584,73.8462,55.36,SUCCESS
ZWave7_bookcase_Sensor_power,H1,CatBoost,ML,0.001,0.0,0.0341,87.8422,5.19,SUCCESS
ZWave7_bookcase_Sensor_power,H1,LightGBM,ML,0.0013,0.0,-0.6239,84.2748,1.32,SUCCESS
ZWave7_bookcase_Sensor_power,H1,XGBoost,ML,0.001,0.0,-0.0329,89.0073,2.71,SUCCESS
ZWave7_bookcase_Sensor_power,H1,NGBoost,ML,0.001,0.0,0.0709,86.4624,173.44,SUCCESS
ZWave7_bookcase_Sensor_power,H1,Prophet,ML,0.001,0.0,-0.0003,99.9678,24.21,SUCCESS
ZWave7_bookcase_Sensor_power,H1,SARIMAX,ML,0.001,0.0,-0.0001,100.0,9.47,SUCCESS
ZWave7_bookcase_Sensor_power,H1,PatchTST,ML,0.001,0.0,0.0065,99.5774,24.01,SUCCESS
ZWave7_bookcase_Sensor_power,H1,TFT,ML,0.001,0.0,-0.0001,100.0003,27.1,SUCCESS
ZWave7_bookcase_Sensor_power,H5,Naive,ML,0.001,0.0,-0.0001,100.0,0.06,SUCCESS
ZWave7_bookcase_Sensor_power,H5,Ridge,ML,0.0012,0.0001,-0.496,98.4985,0.08,SUCCESS
ZWave7_bookcase_Sensor_power,H5,ElasticNet,ML,0.001,0.0,-0.0,99.991,0.12,SUCCESS
ZWave7_bookcase_Sensor_power,H5,RandomForest,ML,0.0011,0.0,-0.1728,99.8462,7.73,SUCCESS
ZWave7_bookcase_Sensor_power,H5,ExtraTrees,ML,0.0011,0.0,-0.1432,99.6153,10.34,SUCCESS
ZWave7_bookcase_Sensor_power,H5,KNN,ML,0.0011,0.0,-0.2771,100.0,55.4,SUCCESS
ZWave7_bookcase_Sensor_power,H5,CatBoost,ML,0.0011,0.0,-0.1896,99.9265,5.28,SUCCESS
ZWave7_bookcase_Sensor_power,H5,LightGBM,ML,0.0013,0.0001,-0.575,95.0872,1.36,SUCCESS
ZWave7_bookcase_Sensor_power,H5,XGBoost,ML,0.0012,0.0,-0.5194,99.7788,2.69,SUCCESS
ZWave7_bookcase_Sensor_power,H5,NGBoost,ML,0.0011,0.0,-0.2382,99.6199,171.51,SUCCESS
ZWave7_bookcase_Sensor_power,H5,Prophet,ML,0.001,0.0,-0.0006,99.981,24.72,SUCCESS
ZWave7_bookcase_Sensor_power,H5,SARIMAX,ML,0.001,0.0,-0.0001,100.0,9.49,SUCCESS
ZWave7_bookcase_Sensor_power,H5,PatchTST,ML,0.001,0.0,0.0052,99.6813,32.37,SUCCESS
ZWave7_bookcase_Sensor_power,H5,TFT,ML,0.001,0.0,0.001,99.9433,18.36,SUCCESS
ZWave7_bookcase_Sensor_power,H12,Naive,ML,0.001,0.0,-0.0001,100.0,0.06,SUCCESS
ZWave7_bookcase_Sensor_power,H12,Ridge,ML,0.0011,0.0001,-0.2446,94.6166,0.09,SUCCESS
ZWave7_bookcase_Sensor_power,H12,ElasticNet,ML,0.001,0.0,-0.0,99.991,0.11,SUCCESS
ZWave7_bookcase_Sensor_power,H12,RandomForest,ML,0.001,0.0,-0.0061,100.0,6.82,SUCCESS
ZWave7_bookcase_Sensor_power,H12,ExtraTrees,ML,0.0011,0.0,-0.1344,98.8462,6.62,SUCCESS
ZWave7_bookcase_Sensor_power,H12,KNN,ML,0.0011,0.0,-0.1293,100.0,55.39,SUCCESS
ZWave7_bookcase_Sensor_power,H12,CatBoost,ML,0.001,0.0,-0.0005,99.8938,5.3,SUCCESS
ZWave7_bookcase_Sensor_power,H12,LightGBM,ML,0.0012,0.0,-0.4232,108.4941,1.34,SUCCESS
ZWave7_bookcase_Sensor_power,H12,XGBoost,ML,0.001,0.0,-0.0028,99.9995,2.66,SUCCESS
ZWave7_bookcase_Sensor_power,H12,NGBoost,ML,0.001,0.0,-0.019,99.9617,173.16,SUCCESS
ZWave7_bookcase_Sensor_power,H12,Prophet,ML,0.001,0.0,-0.0003,99.9683,19.83,SUCCESS
ZWave7_bookcase_Sensor_power,H12,SARIMAX,ML,0.001,0.0,-0.0001,100.0,9.37,SUCCESS
ZWave7_bookcase_Sensor_power,H12,PatchTST,ML,0.001,0.0,0.0059,99.1571,32.39,SUCCESS
ZWave7_bookcase_Sensor_power,H12,TFT,ML,0.001,0.0,0.0002,99.981,13.23,SUCCESS
ZWave8_on_desk_Sensor_power,H1,Naive,ML,0.3043,0.2315,-1.3746,25.7277,0.05,SUCCESS
ZWave8_on_desk_Sensor_power,H1,Ridge,ML,0.0019,0.0001,0.9999,0.0107,0.07,SUCCESS
ZWave8_on_desk_Sensor_power,H1,ElasticNet,ML,0.0507,0.05,0.9341,7.7833,1.78,SUCCESS
ZWave8_on_desk_Sensor_power,H1,RandomForest,ML,0.002,0.0,0.9999,0.0035,14.36,SUCCESS
ZWave8_on_desk_Sensor_power,H1,ExtraTrees,ML,0.002,0.0001,0.9999,0.0149,14.39,SUCCESS
ZWave8_on_desk_Sensor_power,H1,KNN,ML,0.0033,0.0001,0.9997,0.0104,55.45,SUCCESS
ZWave8_on_desk_Sensor_power,H1,CatBoost,ML,0.0019,0.0001,0.9999,0.0096,6.61,SUCCESS
ZWave8_on_desk_Sensor_power,H1,LightGBM,ML,0.002,0.0001,0.9999,0.0114,2.39,SUCCESS
ZWave8_on_desk_Sensor_power,H1,XGBoost,ML,0.002,0.0001,0.9999,0.0074,3.65,SUCCESS
ZWave8_on_desk_Sensor_power,H1,NGBoost,ML,0.002,0.0001,0.9999,0.008,206.23,SUCCESS
ZWave8_on_desk_Sensor_power,H1,Prophet,ML,0.3392,0.2646,-1.9502,30.0172,91.26,SUCCESS
ZWave8_on_desk_Sensor_power,H1,SARIMAX,ML,0.6527,0.573,-9.9229,71.7465,4.59,SUCCESS
ZWave8_on_desk_Sensor_power,H1,PatchTST,ML,0.0055,0.0019,0.9992,0.2691,21.27,SUCCESS
ZWave8_on_desk_Sensor_power,H1,TFT,ML,0.0043,0.0015,0.9995,0.2274,30.85,SUCCESS
ZWave8_on_desk_Sensor_power,H5,Naive,ML,0.3043,0.2316,-1.3748,25.7291,0.06,SUCCESS
ZWave8_on_desk_Sensor_power,H5,Ridge,ML,0.0043,0.0004,0.9995,0.0515,0.08,SUCCESS
ZWave8_on_desk_Sensor_power,H5,ElasticNet,ML,0.051,0.0501,0.9334,7.8112,1.78,SUCCESS
ZWave8_on_desk_Sensor_power,H5,RandomForest,ML,0.0044,0.0002,0.9995,0.0234,14.29,SUCCESS
ZWave8_on_desk_Sensor_power,H5,ExtraTrees,ML,0.0044,0.0003,0.9995,0.0399,13.21,SUCCESS
ZWave8_on_desk_Sensor_power,H5,KNN,ML,0.0081,0.0003,0.9983,0.0329,55.4,SUCCESS
ZWave8_on_desk_Sensor_power,H5,CatBoost,ML,0.0042,0.0002,0.9996,0.0332,6.66,SUCCESS
ZWave8_on_desk_Sensor_power,H5,LightGBM,ML,0.0046,0.0004,0.9994,0.0517,2.55,SUCCESS
ZWave8_on_desk_Sensor_power,H5,XGBoost,ML,0.0045,0.0002,0.9995,0.0313,4.54,SUCCESS
ZWave8_on_desk_Sensor_power,H5,NGBoost,ML,0.0044,0.0003,0.9995,0.035,206.47,SUCCESS
ZWave8_on_desk_Sensor_power,H5,Prophet,ML,0.3396,0.265,-1.9562,30.0595,77.41,SUCCESS
ZWave8_on_desk_Sensor_power,H5,SARIMAX,ML,0.6527,0.573,-9.9235,71.7472,4.54,SUCCESS
ZWave8_on_desk_Sensor_power,H5,PatchTST,ML,0.0059,0.0012,0.9991,0.1714,24.02,SUCCESS
ZWave8_on_desk_Sensor_power,H5,TFT,ML,0.0058,0.0017,0.9991,0.2948,30.56,SUCCESS
ZWave8_on_desk_Sensor_power,H12,Naive,ML,0.3044,0.2316,-1.3751,25.7315,0.06,SUCCESS
ZWave8_on_desk_Sensor_power,H12,Ridge,ML,0.0064,0.0008,0.9989,0.1132,0.08,SUCCESS
ZWave8_on_desk_Sensor_power,H12,ElasticNet,ML,0.0513,0.0504,0.9325,7.8538,1.78,SUCCESS
ZWave8_on_desk_Sensor_power,H12,RandomForest,ML,0.0073,0.0004,0.9986,0.0543,14.19,SUCCESS
ZWave8_on_desk_Sensor_power,H12,ExtraTrees,ML,0.0065,0.0006,0.9989,0.0752,13.4,SUCCESS
ZWave8_on_desk_Sensor_power,H12,KNN,ML,0.015,0.0007,0.9942,0.0781,55.39,SUCCESS
ZWave8_on_desk_Sensor_power,H12,CatBoost,ML,0.0066,0.0007,0.9989,0.0916,6.88,SUCCESS
ZWave8_on_desk_Sensor_power,H12,LightGBM,ML,0.0068,0.0009,0.9988,0.1143,2.54,SUCCESS
ZWave8_on_desk_Sensor_power,H12,XGBoost,ML,0.0079,0.0009,0.9984,0.1073,4.77,SUCCESS
ZWave8_on_desk_Sensor_power,H12,NGBoost,ML,0.0061,0.0005,0.9991,0.0663,206.2,SUCCESS
ZWave8_on_desk_Sensor_power,H12,Prophet,ML,0.3389,0.2644,-1.9448,29.9795,83.01,SUCCESS
ZWave8_on_desk_Sensor_power,H12,SARIMAX,ML,0.6528,0.573,-9.9246,71.7484,4.61,SUCCESS
ZWave8_on_desk_Sensor_power,H12,PatchTST,ML,0.0074,0.0023,0.9986,0.3525,29.62,SUCCESS
ZWave8_on_desk_Sensor_power,H12,TFT,ML,0.0067,0.0011,0.9989,0.1544,24.18,SUCCESS
ZWave_Node_031_SERVER_SB_Sensor_power,H1,Naive,ML,49.4409,37.4467,-1.3448,49.2386,0.08,SUCCESS
ZWave_Node_031_SERVER_SB_Sensor_power,H1,Ridge,ML,1.314,0.4863,0.9983,0.87,0.08,SUCCESS
ZWave_Node_031_SERVER_SB_Sensor_power,H1,ElasticNet,ML,1.8065,0.9174,0.9969,1.4524,2.15,SUCCESS
ZWave_Node_031_SERVER_SB_Sensor_power,H1,RandomForest,ML,5.3087,3.2175,0.973,4.0727,44.42,SUCCESS
ZWave_Node_031_SERVER_SB_Sensor_power,H1,ExtraTrees,ML,13.5068,9.1413,0.825,10.8094,16.61,SUCCESS
ZWave_Node_031_SERVER_SB_Sensor_power,H1,KNN,ML,25.6795,19.0204,0.3674,25.2525,73.03,SUCCESS
ZWave_Node_031_SERVER_SB_Sensor_power,H1,CatBoost,ML,33.156,23.8051,-0.0545,28.1938,7.89,SUCCESS
ZWave_Node_031_SERVER_SB_Sensor_power,H1,LightGBM,ML,24.031,15.5505,0.4461,18.3399,3.17,SUCCESS
ZWave_Node_031_SERVER_SB_Sensor_power,H1,XGBoost,ML,40.7017,29.801,-0.5891,36.608,6.37,SUCCESS
ZWave_Node_031_SERVER_SB_Sensor_power,H1,NGBoost,ML,19.6166,13.0793,0.6309,15.4202,638.68,SUCCESS
ZWave_Node_031_SERVER_SB_Sensor_power,H1,Prophet,ML,48.4116,36.0517,-1.2481,45.4656,64.36,SUCCESS
ZWave_Node_031_SERVER_SB_Sensor_power,H1,SARIMAX,ML,64.8974,56.1847,-3.04,99.2771,4.41,SUCCESS
ZWave_Node_031_SERVER_SB_Sensor_power,H1,PatchTST,ML,25.3326,18.3506,0.3844,22.2603,60.67,SUCCESS
ZWave_Node_031_SERVER_SB_Sensor_power,H1,TFT,ML,22.6642,16.0334,0.5073,19.6531,29.28,SUCCESS
ZWave_Node_031_SERVER_SB_Sensor_power,H5,Naive,ML,49.4281,37.4301,-1.3436,49.1918,0.06,SUCCESS
ZWave_Node_031_SERVER_SB_Sensor_power,H5,Ridge,ML,2.452,1.2459,0.9942,2.0052,0.08,SUCCESS
ZWave_Node_031_SERVER_SB_Sensor_power,H5,ElasticNet,ML,2.6305,1.4139,0.9934,2.2018,2.17,SUCCESS
ZWave_Node_031_SERVER_SB_Sensor_power,H5,RandomForest,ML,25.5282,17.4051,0.3749,20.4977,45.42,SUCCESS
ZWave_Node_031_SERVER_SB_Sensor_power,H5,ExtraTrees,ML,26.1121,18.4871,0.3459,22.139,16.34,SUCCESS
ZWave_Node_031_SERVER_SB_Sensor_power,H5,KNN,ML,26.2077,19.4837,0.3411,26.0308,73.23,SUCCESS
ZWave_Node_031_SERVER_SB_Sensor_power,H5,CatBoost,ML,40.3935,29.5219,-0.5651,36.0912,7.63,SUCCESS
ZWave_Node_031_SERVER_SB_Sensor_power,H5,LightGBM,ML,36.6096,25.224,-0.2856,31.0638,3.25,SUCCESS
ZWave_Node_031_SERVER_SB_Sensor_power,H5,XGBoost,ML,43.1378,31.6516,-0.785,38.9531,6.68,SUCCESS
ZWave_Node_031_SERVER_SB_Sensor_power,H5,NGBoost,ML,39.3466,28.4577,-0.4851,34.1262,637.09,SUCCESS
ZWave_Node_031_SERVER_SB_Sensor_power,H5,Prophet,ML,48.4073,36.0475,-1.2478,45.4544,74.69,SUCCESS
ZWave_Node_031_SERVER_SB_Sensor_power,H5,SARIMAX,ML,64.8985,56.1861,-3.0402,99.2764,4.42,SUCCESS
ZWave_Node_031_SERVER_SB_Sensor_power,H5,PatchTST,ML,33.8063,25.0182,-0.0963,31.4857,33.03,SUCCESS
ZWave_Node_031_SERVER_SB_Sensor_power,H5,TFT,ML,33.1308,23.9806,-0.0529,29.1627,25.14,SUCCESS
ZWave_Node_031_SERVER_SB_Sensor_power,H12,Naive,ML,49.4057,37.4011,-1.3415,49.1098,0.08,SUCCESS
ZWave_Node_031_SERVER_SB_Sensor_power,H12,Ridge,ML,3.393,1.8726,0.989,2.9443,0.09,SUCCESS
ZWave_Node_031_SERVER_SB_Sensor_power,H12,ElasticNet,ML,3.3711,1.8867,0.9891,2.9222,2.23,SUCCESS
ZWave_Node_031_SERVER_SB_Sensor_power,H12,RandomForest,ML,32.9812,22.0994,-0.0435,26.7108,44.14,SUCCESS
ZWave_Node_031_SERVER_SB_Sensor_power,H12,ExtraTrees,ML,35.5835,25.3098,-0.2146,30.2265,16.27,SUCCESS
ZWave_Node_031_SERVER_SB_Sensor_power,H12,KNN,ML,27.3906,20.4064,0.2803,27.3207,73.2,SUCCESS
ZWave_Node_031_SERVER_SB_Sensor_power,H12,CatBoost,ML,44.0466,32.3132,-0.8611,39.7932,7.78,SUCCESS
ZWave_Node_031_SERVER_SB_Sensor_power,H12,LightGBM,ML,45.8828,31.5552,-1.0195,38.7676,3.32,SUCCESS
ZWave_Node_031_SERVER_SB_Sensor_power,H12,XGBoost,ML,43.9652,32.5584,-0.8542,41.1725,6.8,SUCCESS
ZWave_Node_031_SERVER_SB_Sensor_power,H12,NGBoost,ML,34.5715,25.2002,-0.1465,31.0925,634.51,SUCCESS
ZWave_Node_031_SERVER_SB_Sensor_power,H12,Prophet,ML,48.4109,36.0524,-1.2482,45.4626,76.72,SUCCESS
ZWave_Node_031_SERVER_SB_Sensor_power,H12,SARIMAX,ML,64.9006,56.1885,-3.0406,99.2752,4.35,SUCCESS
ZWave_Node_031_SERVER_SB_Sensor_power,H12,PatchTST,ML,38.7768,28.6413,-0.4424,35.6913,24.66,SUCCESS
ZWave_Node_031_SERVER_SB_Sensor_power,H12,TFT,ML,38.2683,28.1195,-0.4048,34.773,24.35,SUCCESS
ZWave2_Metered_Wall_Plug_Switch_computers_Sensor_power,H1,LSTM,DL,3.784927093529349,2.1582040786743164,0.764910101890564,0.0,1.3233333333333337,SUCCESS
ZWave2_Metered_Wall_Plug_Switch_computers_Sensor_power,H5,LSTM,DL,5.104904225316886,2.7542755603790283,0.5723732113838196,0.0,1.3233333333333337,SUCCESS
ZWave2_Metered_Wall_Plug_Switch_computers_Sensor_power,H12,LSTM,DL,6.171744584262938,3.4303104877471924,0.374988317489624,0.0,1.3233333333333337,SUCCESS
ZWave2_Metered_Wall_Plug_Switch_computers_Sensor_power,H1,GRU,DL,3.669524394096547,2.0723817348480225,0.7790273427963257,0.0,0.7400000000000001,SUCCESS
ZWave2_Metered_Wall_Plug_Switch_computers_Sensor_power,H5,GRU,DL,5.055292343907823,2.7389719486236572,0.5806446075439453,0.0,0.7400000000000001,SUCCESS
ZWave2_Metered_Wall_Plug_Switch_computers_Sensor_power,H12,GRU,DL,6.172397253418149,3.4488861560821533,0.3748561143875122,0.0,0.7400000000000001,SUCCESS
ZWave2_Metered_Wall_Plug_Switch_computers_Sensor_power,H1,BiLSTM,DL,3.661490312258479,2.072052478790283,0.7799938917160034,0.0,1.54,SUCCESS
ZWave2_Metered_Wall_Plug_Switch_computers_Sensor_power,H5,BiLSTM,DL,5.0202313242955725,2.687258005142212,0.5864412784576416,0.0,1.54,SUCCESS
ZWave2_Metered_Wall_Plug_Switch_computers_Sensor_power,H12,BiLSTM,DL,6.122679913246189,3.3469784259796143,0.3848863244056701,0.0,1.54,SUCCESS
ZWave_Node_016_the_whole_multiplier_over_the_window_Sensor_power,H1,LSTM,DL,4.47719794485099,3.040891170501709,0.6905087828636169,0.0,0.8866666666666667,SUCCESS
ZWave_Node_016_the_whole_multiplier_over_the_window_Sensor_power,H5,LSTM,DL,5.355534815363386,3.3471486568450928,0.5571668148040771,0.0,0.8866666666666667,SUCCESS
ZWave_Node_016_the_whole_multiplier_over_the_window_Sensor_power,H12,LSTM,DL,6.587985298478492,3.810799837112427,0.3299038410186767,0.0,0.8866666666666667,SUCCESS
ZWave_Node_016_the_whole_multiplier_over_the_window_Sensor_power,H1,GRU,DL,4.379049987883984,2.8488869667053223,0.7039291858673096,0.0,0.71,SUCCESS
ZWave_Node_016_the_whole_multiplier_over_the_window_Sensor_power,H5,GRU,DL,5.327669454213023,3.139643907546997,0.5617630481719971,0.0,0.71,SUCCESS
ZWave_Node_016_the_whole_multiplier_over_the_window_Sensor_power,H12,GRU,DL,6.622721730167618,3.5720326900482178,0.3228187561035156,0.0,0.71,SUCCESS
ZWave_Node_016_the_whole_multiplier_over_the_window_Sensor_power,H1,BiLSTM,DL,4.6788973387975545,3.4039859771728516,0.6619952917098999,0.0,1.4633333333333332,SUCCESS
ZWave_Node_016_the_whole_multiplier_over_the_window_Sensor_power,H5,BiLSTM,DL,5.6416859989407895,3.712023258209229,0.5085806846618652,0.0,1.4633333333333332,SUCCESS
ZWave_Node_016_the_whole_multiplier_over_the_window_Sensor_power,H12,BiLSTM,DL,6.889761319171822,4.054073810577393,0.2671075463294983,0.0,1.4633333333333332,SUCCESS
ZWave_Node_042_ZW095_Home_Energy_Meter__Gen_5_Electric_meter_watts,H1,LSTM,DL,23.51906769857505,11.27389144897461,0.5238353610038757,0.0,0.6966666666666667,SUCCESS
ZWave_Node_042_ZW095_Home_Energy_Meter__Gen_5_Electric_meter_watts,H5,LSTM,DL,26.589307474484105,12.013773918151855,0.3914898633956909,0.0,0.6966666666666667,SUCCESS
ZWave_Node_042_ZW095_Home_Energy_Meter__Gen_5_Electric_meter_watts,H12,LSTM,DL,30.11988476897104,13.517011642456056,0.2194475531578064,0.0,0.6966666666666667,SUCCESS
ZWave_Node_042_ZW095_Home_Energy_Meter__Gen_5_Electric_meter_watts,H1,GRU,DL,26.442061515462445,18.102388381958008,0.3981232047080993,0.0,0.6033333333333334,SUCCESS
ZWave_Node_042_ZW095_Home_Energy_Meter__Gen_5_Electric_meter_watts,H5,GRU,DL,28.69196758513173,17.92377281188965,0.2914436459541321,0.0,0.6033333333333334,SUCCESS
ZWave_Node_042_ZW095_Home_Energy_Meter__Gen_5_Electric_meter_watts,H12,GRU,DL,31.172635681508087,17.80369758605957,0.1639302372932434,0.0,0.6033333333333334,SUCCESS
ZWave_Node_042_ZW095_Home_Energy_Meter__Gen_5_Electric_meter_watts,H1,BiLSTM,DL,21.58399842561867,10.088418960571287,0.5989663600921631,0.0,1.356666666666667,SUCCESS
ZWave_Node_042_ZW095_Home_Energy_Meter__Gen_5_Electric_meter_watts,H5,BiLSTM,DL,26.590463222272003,12.249755859375,0.3914369940757751,0.0,1.356666666666667,SUCCESS
ZWave_Node_042_ZW095_Home_Energy_Meter__Gen_5_Electric_meter_watts,H12,BiLSTM,DL,32.27374670785064,16.01707649230957,0.1038219928741455,0.0,1.356666666666667,SUCCESS
ZWave_Node_042_ZW095_Home_Energy_Meter__Gen_5_Electric_meter_watts_2,H1,LSTM,DL,17.29965361320043,11.6829252243042,0.4300268292427063,0.0,0.88,SUCCESS
ZWave_Node_042_ZW095_Home_Energy_Meter__Gen_5_Electric_meter_watts_2,H5,LSTM,DL,17.950956713329465,11.806562423706056,0.3863479495048523,0.0,0.88,SUCCESS
ZWave_Node_042_ZW095_Home_Energy_Meter__Gen_5_Electric_meter_watts_2,H12,LSTM,DL,18.62773368282366,11.924574851989746,0.339308500289917,0.0,0.88,SUCCESS
ZWave_Node_042_ZW095_Home_Energy_Meter__Gen_5_Electric_meter_watts_2,H1,GRU,DL,13.391441436057269,8.456757545471191,0.6584657430648804,0.0,0.6033333333333334,SUCCESS
ZWave_Node_042_ZW095_Home_Energy_Meter__Gen_5_Electric_meter_watts_2,H5,GRU,DL,14.415308423455926,8.698894500732422,0.604273796081543,0.0,0.6033333333333334,SUCCESS
ZWave_Node_042_ZW095_Home_Energy_Meter__Gen_5_Electric_meter_watts_2,H12,GRU,DL,16.094358680843925,9.512879371643066,0.5067965984344482,0.0,0.6033333333333334,SUCCESS
ZWave_Node_042_ZW095_Home_Energy_Meter__Gen_5_Electric_meter_watts_2,H1,BiLSTM,DL,15.160933252762726,9.884968757629396,0.5622446537017822,0.0,1.596666666666667,SUCCESS
ZWave_Node_042_ZW095_Home_Energy_Meter__Gen_5_Electric_meter_watts_2,H5,BiLSTM,DL,17.128793560775268,10.953999519348145,0.4412719011306762,0.0,1.596666666666667,SUCCESS
ZWave_Node_042_ZW095_Home_Energy_Meter__Gen_5_Electric_meter_watts_2,H12,BiLSTM,DL,18.97042874444452,11.858206748962402,0.3147753477096557,0.0,1.596666666666667,SUCCESS
Wall_Plug_2_Sensor_power,H1,LSTM,DL,1.2002459174740088,0.1779431253671646,0.7736226320266724,0.0,8.286666666666667,SUCCESS
Wall_Plug_2_Sensor_power,H5,LSTM,DL,1.343467505280325,0.1997612714767456,0.7163735032081604,0.0,8.286666666666667,SUCCESS
Wall_Plug_2_Sensor_power,H12,LSTM,DL,1.5206159235961316,0.2467283755540847,0.636644721031189,0.0,8.286666666666667,SUCCESS
Wall_Plug_2_Sensor_power,H1,GRU,DL,1.1474707030834446,0.2253958880901336,0.7930927276611328,0.0,8.653333333333334,SUCCESS
Wall_Plug_2_Sensor_power,H5,GRU,DL,1.3147808873635287,0.2434149533510208,0.7283565998077393,0.0,8.653333333333334,SUCCESS
Wall_Plug_2_Sensor_power,H12,GRU,DL,1.5094095577604083,0.2827961444854736,0.6419805288314819,0.0,8.653333333333334,SUCCESS
Wall_Plug_2_Sensor_power,H1,BiLSTM,DL,1.1274611255347031,0.174037292599678,0.8002458810806274,0.0,9.813333333333334,SUCCESS
Wall_Plug_2_Sensor_power,H5,BiLSTM,DL,1.2996186797551637,0.1891134530305862,0.7345856428146362,0.0,9.813333333333334,SUCCESS
Wall_Plug_2_Sensor_power,H12,BiLSTM,DL,1.5071375625946086,0.2127653956413269,0.6430575847625732,0.0,9.813333333333334,SUCCESS
WavePlug_UPS_Sensor_power,H1,LSTM,DL,14.420621707968625,6.558278560638428,0.8700578212738037,0.0,15.296666666666669,SUCCESS
WavePlug_UPS_Sensor_power,H5,LSTM,DL,15.840516612558265,7.020021915435791,0.8432087302207947,0.0,15.296666666666669,SUCCESS
WavePlug_UPS_Sensor_power,H12,LSTM,DL,17.887434895714854,7.8087873458862305,0.8000685572624207,0.0,15.296666666666669,SUCCESS
WavePlug_UPS_Sensor_power,H1,GRU,DL,12.4612803636216,6.029565811157227,0.9029696583747864,0.0,11.106666666666667,SUCCESS
WavePlug_UPS_Sensor_power,H5,GRU,DL,14.123593420701448,6.372167587280273,0.8753553628921509,0.0,11.106666666666667,SUCCESS
WavePlug_UPS_Sensor_power,H12,GRU,DL,16.504547417279237,7.0632805824279785,0.8297871947288513,0.0,11.106666666666667,SUCCESS
WavePlug_UPS_Sensor_power,H1,BiLSTM,DL,15.391266444437631,6.324082851409912,0.8519763946533203,0.0,26.790000000000003,SUCCESS
WavePlug_UPS_Sensor_power,H5,BiLSTM,DL,16.809274129995732,6.930031776428223,0.8234445452690125,0.0,26.790000000000003,SUCCESS
WavePlug_UPS_Sensor_power,H12,BiLSTM,DL,19.006657287388396,8.009897232055664,0.774266242980957,0.0,26.790000000000003,SUCCESS
ZWave5_network_switch_Sensor_power,H1,LSTM,DL,0.0353270082530289,0.0115347849205136,0.8847730755805969,0.0,9.04,SUCCESS
ZWave5_network_switch_Sensor_power,H5,LSTM,DL,0.0496188487934193,0.0160984173417091,0.7726820707321167,0.0,9.04,SUCCESS
ZWave5_network_switch_Sensor_power,H12,LSTM,DL,0.0658215807048294,0.024055166170001,0.5999844074249268,0.0,9.04,SUCCESS
ZWave5_network_switch_Sensor_power,H1,GRU,DL,0.0364381224663338,0.0133608700707554,0.8774107694625854,0.0,11.853333333333332,SUCCESS
ZWave5_network_switch_Sensor_power,H5,GRU,DL,0.0513028899160063,0.0190135780721902,0.7569900751113892,0.0,11.853333333333332,SUCCESS
ZWave5_network_switch_Sensor_power,H12,GRU,DL,0.066699132458476,0.0267567317932844,0.5892470479011536,0.0,11.853333333333332,SUCCESS
ZWave5_network_switch_Sensor_power,H1,BiLSTM,DL,0.0353525809014881,0.0105993030592799,0.8846061825752258,0.0,21.0,SUCCESS
ZWave5_network_switch_Sensor_power,H5,BiLSTM,DL,0.0521633660811447,0.0168088246136903,0.748769998550415,0.0,21.0,SUCCESS
ZWave5_network_switch_Sensor_power,H12,BiLSTM,DL,0.0689114450963767,0.0255859084427356,0.561547040939331,0.0,21.0,SUCCESS
ZWave7_bookcase_Sensor_power,H1,LSTM,DL,0.0009940429138367,2.4224407752626576e-05,0.0308656096458435,0.0,4.71,SUCCESS
ZWave7_bookcase_Sensor_power,H5,LSTM,DL,0.0010260961739895,2.278659121657256e-05,-0.032642126083374,0.0,4.71,SUCCESS
ZWave7_bookcase_Sensor_power,H12,LSTM,DL,0.0010136179076622,2.6139256078749895e-05,-0.0076791048049926,0.0,4.71,SUCCESS
ZWave7_bookcase_Sensor_power,H1,GRU,DL,0.0010141722724394,8.983015140984207e-05,-0.0087816715240478,0.0,3.24,SUCCESS
ZWave7_bookcase_Sensor_power,H5,GRU,DL,0.001035002924674,6.789750477764755e-05,-0.0506471395492553,0.0,3.24,SUCCESS
ZWave7_bookcase_Sensor_power,H12,GRU,DL,0.0010384606881427,3.5831184504786506e-05,-0.0576789379119873,0.0,3.24,SUCCESS
ZWave7_bookcase_Sensor_power,H1,BiLSTM,DL,0.0010168446465373,2.5109418857027777e-05,-0.0141050815582275,0.0,7.29,SUCCESS
ZWave7_bookcase_Sensor_power,H5,BiLSTM,DL,0.0010527513220903,2.631417919474188e-05,-0.0869895219802856,0.0,7.29,SUCCESS
ZWave7_bookcase_Sensor_power,H12,BiLSTM,DL,0.0010419354548537,3.0344626793521456e-05,-0.06476891040802,0.0,7.29,SUCCESS
ZWave8_on_desk_Sensor_power,H1,LSTM,DL,0.014040766853919,0.0119752483442425,0.9949456453323364,0.0,5.3566666666666665,SUCCESS
ZWave8_on_desk_Sensor_power,H5,LSTM,DL,0.0143893202413198,0.0119715305045247,0.9946914911270142,0.0,5.3566666666666665,SUCCESS
ZWave8_on_desk_Sensor_power,H12,LSTM,DL,0.0152204809921267,0.0119933234527707,0.9940602779388428,0.0,5.3566666666666665,SUCCESS
ZWave8_on_desk_Sensor_power,H1,GRU,DL,0.0588564902700721,0.0559047535061836,0.9111878275871276,0.0,3.24,SUCCESS
ZWave8_on_desk_Sensor_power,H5,GRU,DL,0.0586313266267256,0.0555567629635334,0.9118642807006836,0.0,3.24,SUCCESS
ZWave8_on_desk_Sensor_power,H12,GRU,DL,0.0585162484692207,0.0552756562829017,0.912206768989563,0.0,3.24,SUCCESS
ZWave8_on_desk_Sensor_power,H1,BiLSTM,DL,0.0260723002135135,0.0235780980437994,0.9825721979141236,0.0,7.283333333333334,SUCCESS
ZWave8_on_desk_Sensor_power,H5,BiLSTM,DL,0.0260470210968318,0.0233214776962995,0.9826056361198424,0.0,7.283333333333334,SUCCESS
ZWave8_on_desk_Sensor_power,H12,BiLSTM,DL,0.0263363605008121,0.0232540220022201,0.9822164177894592,0.0,7.283333333333334,SUCCESS
ZWave_Node_031_SERVER_SB_Sensor_power,H1,LSTM,DL,49.86411222011277,37.47605895996094,-1.3850703239440918,0.0,4.266666666666667,SUCCESS
ZWave_Node_031_SERVER_SB_Sensor_power,H5,LSTM,DL,49.98090699910442,37.55866622924805,-1.3962974548339844,0.0,4.266666666666667,SUCCESS
ZWave_Node_031_SERVER_SB_Sensor_power,H12,LSTM,DL,50.15981782481621,37.685890197753906,-1.4135546684265137,0.0,4.266666666666667,SUCCESS
ZWave_Node_031_SERVER_SB_Sensor_power,H1,GRU,DL,45.66840561574681,34.012535095214844,-1.0005836486816406,0.0,10.726666666666668,SUCCESS
ZWave_Node_031_SERVER_SB_Sensor_power,H5,GRU,DL,46.25209296362301,34.48805618286133,-1.0520844459533691,0.0,10.726666666666668,SUCCESS
ZWave_Node_031_SERVER_SB_Sensor_power,H12,GRU,DL,47.12692459183365,35.19284439086914,-1.130509376525879,0.0,10.726666666666668,SUCCESS
ZWave_Node_031_SERVER_SB_Sensor_power,H1,BiLSTM,DL,46.81415843190498,34.48625564575195,-1.1022262573242188,0.0,13.659999999999998,SUCCESS
ZWave_Node_031_SERVER_SB_Sensor_power,H5,BiLSTM,DL,47.31929287844045,34.969024658203125,-1.1478745937347412,0.0,13.659999999999998,SUCCESS
ZWave_Node_031_SERVER_SB_Sensor_power,H12,BiLSTM,DL,48.08374093784847,35.66817855834961,-1.2178988456726074,0.0,13.659999999999998,SUCCESS
Wall_Plug_2_Sensor_power,H1,Chronos,ML,1.0579568930120078,0.0375830304037723,0.8237472315161276,0.991346287639494,1559.3164088726044,SUCCESS
Wall_Plug_2_Sensor_power,H5,Chronos,ML,1.380290689323212,0.0581792856818402,0.7118685470855322,1.587051284837176,2504.7731761932373,SUCCESS
Wall_Plug_2_Sensor_power,H12,Chronos,ML,1.6070698990322176,0.0762664472609042,0.5996910254087603,3.241832586042106,7145.734060049057,SUCCESS
WavePlug_UPS_Sensor_power,H1,Chronos,ML,6.777217445956934,1.8150322590202053,0.9712835616120687,3.1201090819112527,1578.752466917038,SUCCESS
WavePlug_UPS_Sensor_power,H5,Chronos,ML,9.06900412592446,2.169695415413324,0.9488633966764032,3.81336931572792,2539.773166179657,SUCCESS
WavePlug_UPS_Sensor_power,H12,Chronos,ML,12.333063752511126,3.0171800530469772,0.9048465848067352,5.805992951769245,7304.913821935654,SUCCESS
ZWave2_Metered_Wall_Plug_Switch_computers_Sensor_power,H1,Chronos,ML,4.064512401016493,2.2552108650319287,0.7236942923163445,4.115802089440593,205.27665305137631,SUCCESS
ZWave2_Metered_Wall_Plug_Switch_computers_Sensor_power,H5,Chronos,ML,5.778132314311216,2.4991595092026535,0.4699278772337221,4.355470868012819,334.6667990684509,SUCCESS
ZWave2_Metered_Wall_Plug_Switch_computers_Sensor_power,H12,Chronos,ML,6.762657963063986,3.1509638200258965,0.2405578804242855,5.495950807583129,956.4734740257264,SUCCESS
ZWave5_network_switch_Sensor_power,H1,Chronos,ML,0.0463779912873805,0.0118768193870318,0.7987950683802606,0.3525334976718015,1287.4925298690796,SUCCESS
ZWave5_network_switch_Sensor_power,H5,Chronos,ML,0.0552971105478518,0.015273828757205,0.7194261545969365,0.4494068241301764,2064.877810239792,SUCCESS
ZWave5_network_switch_Sensor_power,H12,Chronos,ML,0.0803260341479688,0.024687298728383,0.4016569678615838,0.7210706843625894,5871.969104766846,SUCCESS
ZWave7_bookcase_Sensor_power,H1,Chronos,ML,0.1879198601949921,0.0024417673030754,-15009.751478107306,93.16405256589256,1262.3859741687777,SUCCESS
ZWave7_bookcase_Sensor_power,H5,Chronos,ML,0.0008856496176619,7.857375076117942e-06,-7.844386550370785e-05,99.99999999727152,2033.447921037674,SUCCESS
ZWave7_bookcase_Sensor_power,H12,Chronos,ML,0.0009041170544416,9.466696523761728e-06,-0.0421385150166171,99.99998603016138,5889.934711933136,SUCCESS
ZWave8_on_desk_Sensor_power,H1,Chronos,ML,0.1116717458472579,0.0031592416570685,0.6802805144574464,0.4059443609626482,1258.6659779548645,SUCCESS
ZWave8_on_desk_Sensor_power,H5,Chronos,ML,0.0054770599033356,0.002197722266053,0.999230909449155,0.2986948333324871,2035.8679900169373,SUCCESS
ZWave8_on_desk_Sensor_power,H12,Chronos,ML,0.0074424764467086,0.0022605733939536,0.9985798631531412,0.3084513558231934,5872.51856303215,SUCCESS
ZWave_Node_016_the_whole_multiplier_over_the_window_Sensor_power,H1,Chronos,ML,3.3154185261913445,0.1837130310469142,0.8270117004923704,1.5147365935895831,249.58884191513064,SUCCESS
ZWave_Node_016_the_whole_multiplier_over_the_window_Sensor_power,H5,Chronos,ML,5.062307092084698,0.3837914560900293,0.6026113028660206,4.669272042284201,404.37056016922,SUCCESS
ZWave_Node_016_the_whole_multiplier_over_the_window_Sensor_power,H12,Chronos,ML,6.582719929208052,0.5605312510193899,0.367363014633727,8.130738275262717,1162.5412638187408,SUCCESS
ZWave_Node_031_SERVER_SB_Sensor_power,H1,Chronos,ML,1.7687755199103483,0.689819082443939,0.9969983568517444,1.2594677417254485,1445.887835741043,SUCCESS
ZWave_Node_031_SERVER_SB_Sensor_power,H5,Chronos,ML,2.6552572554386904,1.2031519079332855,0.993233820554811,1.9605737874159856,2337.9439437389374,SUCCESS
ZWave_Node_031_SERVER_SB_Sensor_power,H12,Chronos,ML,3.509294392955567,1.8028640431884293,0.988199550541612,2.872762855758939,6727.781513929367,SUCCESS
ZWave_Node_042_ZW095_Home_Energy_Meter__Gen_5_Electric_meter_watts,H1,Chronos,ML,22.057724538418956,8.211285094444015,0.6091345178633989,1.1375735111524974,231.6054081916809,SUCCESS
ZWave_Node_042_ZW095_Home_Energy_Meter__Gen_5_Electric_meter_watts,H5,Chronos,ML,23.09121230409545,7.235677299331559,0.5204196991525641,0.9880906386792744,374.0310709476471,SUCCESS
ZWave_Node_042_ZW095_Home_Energy_Meter__Gen_5_Electric_meter_watts,H12,Chronos,ML,29.787619825926647,8.704978762165867,0.2112121075775992,1.1714383255726797,1082.8032302856443,SUCCESS
ZWave_Node_042_ZW095_Home_Energy_Meter__Gen_5_Electric_meter_watts_2,H1,Chronos,ML,10.256882007051596,4.471112342153054,0.807651557237252,1.6161808504243012,231.7885332107544,SUCCESS
ZWave_Node_042_ZW095_Home_Energy_Meter__Gen_5_Electric_meter_watts_2,H5,Chronos,ML,11.678715712066294,4.158598288592061,0.7450060477928848,1.4523988569955202,373.8613040447235,SUCCESS
ZWave_Node_042_ZW095_Home_Energy_Meter__Gen_5_Electric_meter_watts_2,H12,Chronos,ML,13.471787046361412,4.636692148952203,0.6455325834162517,1.6165031625773152,1109.902598142624,SUCCESS
