model,dataset,horizon,RMSE,MAE,MAPE,R2,time_seconds,parameter_count,type,status,n_samples
Naive,ZWave2_Metered_Wall_Plug_Switch_computers_Sensor_power,H1,7.4305,5.0702,8.9106,-0.0035,0.01,1,ML,SUCCESS,
Ridge,ZWave2_Metered_Wall_Plug_Switch_computers_Sensor_power,H1,2.6746,1.6302,2.9907,0.87,0.02,36,ML,SUCCESS,
ElasticNet,ZWave2_Metered_Wall_Plug_Switch_computers_Sensor_power,H1,2.7198,1.6299,2.9643,0.8655,0.03,36,ML,SUCCESS,
RandomForest,ZWave2_Metered_Wall_Plug_Switch_computers_Sensor_power,H1,2.9723,1.7892,3.1858,0.8394,9.55,200324,ML,SUCCESS,
ExtraTrees,ZWave2_Metered_Wall_Plug_Switch_computers_Sensor_power,H1,2.6601,1.6342,2.9415,0.8714,1.21,233044,ML,SUCCESS,
KNN,ZWave2_Metered_Wall_Plug_Switch_computers_Sensor_power,H1,3.8454,2.5207,4.507,0.7312,2.48,1863260,ML,SUCCESS,
CatBoost,ZWave2_Metered_Wall_Plug_Switch_computers_Sensor_power,H1,2.9155,1.7565,3.1169,0.8455,1.81,64000,ML,SUCCESS,
LightGBM,ZWave2_Metered_Wall_Plug_Switch_computers_Sensor_power,H1,2.6889,1.6772,3.0229,0.8686,2.06,28560,ML,SUCCESS,
XGBoost,ZWave2_Metered_Wall_Plug_Switch_computers_Sensor_power,H1,3.1159,1.8362,3.2504,0.8235,1.81,53376,ML,SUCCESS,
NGBoost,ZWave2_Metered_Wall_Plug_Switch_computers_Sensor_power,H1,2.7105,1.6546,2.9697,0.8665,108.27,12800,ML,SUCCESS,
Prophet,ZWave2_Metered_Wall_Plug_Switch_computers_Sensor_power,H1,7.5207,4.9459,8.5669,-0.028,8.12,51,ML,SUCCESS,
SARIMAX,ZWave2_Metered_Wall_Plug_Switch_computers_Sensor_power,H1,50.9927,49.642,92.4303,-46.2617,1.09,3,ML,SUCCESS,
PatchTST,ZWave2_Metered_Wall_Plug_Switch_computers_Sensor_power,H1,3.191,1.7849,3.2106,0.8149,45.43,118145,ML,SUCCESS,
TFT,ZWave2_Metered_Wall_Plug_Switch_computers_Sensor_power,H1,3.2106,1.818,3.2582,0.8126,21.61,25540,ML,SUCCESS,
Naive,ZWave2_Metered_Wall_Plug_Switch_computers_Sensor_power,H5,7.462,4.737,8.0908,-0.012,0.01,1,ML,SUCCESS,
Ridge,ZWave2_Metered_Wall_Plug_Switch_computers_Sensor_power,H5,4.2264,2.2457,3.9842,0.6754,0.01,36,ML,SUCCESS,
ElasticNet,ZWave2_Metered_Wall_Plug_Switch_computers_Sensor_power,H5,4.2487,2.2313,3.9301,0.6719,0.04,36,ML,SUCCESS,
RandomForest,ZWave2_Metered_Wall_Plug_Switch_computers_Sensor_power,H5,4.6212,2.4973,4.3798,0.6119,8.87,204468,ML,SUCCESS,
ExtraTrees,ZWave2_Metered_Wall_Plug_Switch_computers_Sensor_power,H5,4.3822,2.3568,4.1186,0.651,1.17,253168,ML,SUCCESS,
KNN,ZWave2_Metered_Wall_Plug_Switch_computers_Sensor_power,H5,5.6597,3.1789,5.5718,0.4178,2.42,1863260,ML,SUCCESS,
CatBoost,ZWave2_Metered_Wall_Plug_Switch_computers_Sensor_power,H5,5.171,2.7264,4.6941,0.514,1.76,64000,ML,SUCCESS,
LightGBM,ZWave2_Metered_Wall_Plug_Switch_computers_Sensor_power,H5,5.2478,2.7602,4.7336,0.4995,2.11,29632,ML,SUCCESS,
XGBoost,ZWave2_Metered_Wall_Plug_Switch_computers_Sensor_power,H5,6.1625,3.0132,5.1266,0.3098,1.78,54292,ML,SUCCESS,
NGBoost,ZWave2_Metered_Wall_Plug_Switch_computers_Sensor_power,H5,4.6741,2.4639,4.2526,0.6029,109.05,12800,ML,SUCCESS,
Prophet,ZWave2_Metered_Wall_Plug_Switch_computers_Sensor_power,H5,7.5239,4.9325,8.5327,-0.0289,7.43,51,ML,SUCCESS,
SARIMAX,ZWave2_Metered_Wall_Plug_Switch_computers_Sensor_power,H5,51.0461,49.7336,92.6011,-46.3579,1.11,3,ML,SUCCESS,
PatchTST,ZWave2_Metered_Wall_Plug_Switch_computers_Sensor_power,H5,4.8229,2.5021,4.2993,0.5772,62.17,118145,ML,SUCCESS,
TFT,ZWave2_Metered_Wall_Plug_Switch_computers_Sensor_power,H5,4.527,2.446,4.2683,0.6275,16.69,25540,ML,SUCCESS,
Naive,ZWave2_Metered_Wall_Plug_Switch_computers_Sensor_power,H12,7.9659,4.6665,7.6464,-0.1533,0.01,1,ML,SUCCESS,
Ridge,ZWave2_Metered_Wall_Plug_Switch_computers_Sensor_power,H12,5.5137,3.01,5.2455,0.4475,0.01,36,ML,SUCCESS,
ElasticNet,ZWave2_Metered_Wall_Plug_Switch_computers_Sensor_power,H12,5.5133,2.9749,5.1559,0.4475,0.03,36,ML,SUCCESS,
RandomForest,ZWave2_Metered_Wall_Plug_Switch_computers_Sensor_power,H12,6.0391,3.2389,5.5623,0.3372,10.22,230228,ML,SUCCESS,
ExtraTrees,ZWave2_Metered_Wall_Plug_Switch_computers_Sensor_power,H12,5.7471,3.0882,5.3188,0.3997,1.12,290532,ML,SUCCESS,
KNN,ZWave2_Metered_Wall_Plug_Switch_computers_Sensor_power,H12,6.9188,3.8069,6.5979,0.13,2.43,1863260,ML,SUCCESS,
CatBoost,ZWave2_Metered_Wall_Plug_Switch_computers_Sensor_power,H12,5.9786,3.2414,5.5462,0.3504,1.75,64000,ML,SUCCESS,
LightGBM,ZWave2_Metered_Wall_Plug_Switch_computers_Sensor_power,H12,6.047,3.3194,5.6897,0.3354,2.2,30444,ML,SUCCESS,
XGBoost,ZWave2_Metered_Wall_Plug_Switch_computers_Sensor_power,H12,6.1961,3.4178,5.8573,0.3022,1.84,56308,ML,SUCCESS,
NGBoost,ZWave2_Metered_Wall_Plug_Switch_computers_Sensor_power,H12,6.3315,3.2596,5.4984,0.2714,108.28,12800,ML,SUCCESS,
Prophet,ZWave2_Metered_Wall_Plug_Switch_computers_Sensor_power,H12,7.5323,4.8968,8.4417,-0.0311,6.32,51,ML,SUCCESS,
SARIMAX,ZWave2_Metered_Wall_Plug_Switch_computers_Sensor_power,H12,51.1256,49.8691,92.8535,-46.5055,1.08,3,ML,SUCCESS,
PatchTST,ZWave2_Metered_Wall_Plug_Switch_computers_Sensor_power,H12,5.7838,3.0191,5.1209,0.392,22.04,118145,ML,SUCCESS,
TFT,ZWave2_Metered_Wall_Plug_Switch_computers_Sensor_power,H12,5.7774,3.3996,5.9036,0.3934,9.16,25540,ML,SUCCESS,
Naive,ZWave_Node_016_the_whole_multiplier_over_the_window_Sensor_power,H1,8.0389,4.7071,201.8756,-0.2777,0.01,1,ML,SUCCESS,
Ridge,ZWave_Node_016_the_whole_multiplier_over_the_window_Sensor_power,H1,1.4145,0.1276,3.7577,0.9604,0.02,36,ML,SUCCESS,
ElasticNet,ZWave_Node_016_the_whole_multiplier_over_the_window_Sensor_power,H1,1.6568,0.1598,4.5609,0.9457,0.05,36,ML,SUCCESS,
RandomForest,ZWave_Node_016_the_whole_multiplier_over_the_window_Sensor_power,H1,10.4765,2.7242,113.1724,-1.1701,8.7,144884,ML,SUCCESS,
ExtraTrees,ZWave_Node_016_the_whole_multiplier_over_the_window_Sensor_power,H1,2.0561,0.6959,21.1989,0.9164,1.32,156300,ML,SUCCESS,
KNN,ZWave_Node_016_the_whole_multiplier_over_the_window_Sensor_power,H1,1.9899,0.5414,17.8382,0.9217,3.41,2189705,ML,SUCCESS,
CatBoost,ZWave_Node_016_the_whole_multiplier_over_the_window_Sensor_power,H1,5.985,1.5599,58.838,0.2918,1.84,64000,ML,SUCCESS,
LightGBM,ZWave_Node_016_the_whole_multiplier_over_the_window_Sensor_power,H1,2.6375,0.7071,22.9877,0.8625,1.93,26364,ML,SUCCESS,
XGBoost,ZWave_Node_016_the_whole_multiplier_over_the_window_Sensor_power,H1,10.9381,2.3396,91.0624,-1.3655,1.51,44708,ML,SUCCESS,
NGBoost,ZWave_Node_016_the_whole_multiplier_over_the_window_Sensor_power,H1,2.108,0.291,5.6457,0.9121,111.54,12800,ML,SUCCESS,
Prophet,ZWave_Node_016_the_whole_multiplier_over_the_window_Sensor_power,H1,9.8366,7.0952,330.9845,-0.9131,19.1,51,ML,SUCCESS,
SARIMAX,ZWave_Node_016_the_whole_multiplier_over_the_window_Sensor_power,H1,7.7004,2.9491,99.6582,-0.1724,0.61,3,ML,SUCCESS,
PatchTST,ZWave_Node_016_the_whole_multiplier_over_the_window_Sensor_power,H1,2.682,0.7176,24.0415,0.8578,31.38,118145,ML,SUCCESS,
TFT,ZWave_Node_016_the_whole_multiplier_over_the_window_Sensor_power,H1,2.6821,0.6723,20.4739,0.8578,16.38,25540,ML,SUCCESS,
Naive,ZWave_Node_016_the_whole_multiplier_over_the_window_Sensor_power,H5,8.0376,4.7047,201.7667,-0.2773,0.01,1,ML,SUCCESS,
Ridge,ZWave_Node_016_the_whole_multiplier_over_the_window_Sensor_power,H5,3.2609,0.505,16.7735,0.7898,0.02,36,ML,SUCCESS,
ElasticNet,ZWave_Node_016_the_whole_multiplier_over_the_window_Sensor_power,H5,3.4057,0.4719,14.6593,0.7707,0.05,36,ML,SUCCESS,
RandomForest,ZWave_Node_016_the_whole_multiplier_over_the_window_Sensor_power,H5,9.0487,2.4453,81.4914,-0.6189,9.36,142196,ML,SUCCESS,
ExtraTrees,ZWave_Node_016_the_whole_multiplier_over_the_window_Sensor_power,H5,4.1407,0.8309,20.0982,0.661,1.42,166836,ML,SUCCESS,
KNN,ZWave_Node_016_the_whole_multiplier_over_the_window_Sensor_power,H5,4.1652,0.7709,23.5569,0.657,3.31,2189705,ML,SUCCESS,
CatBoost,ZWave_Node_016_the_whole_multiplier_over_the_window_Sensor_power,H5,4.5105,1.2436,44.9512,0.5977,1.88,64000,ML,SUCCESS,
LightGBM,ZWave_Node_016_the_whole_multiplier_over_the_window_Sensor_power,H5,5.6462,1.6461,59.69,0.3697,1.97,27708,ML,SUCCESS,
XGBoost,ZWave_Node_016_the_whole_multiplier_over_the_window_Sensor_power,H5,5.3887,1.2678,46.3412,0.4259,1.57,47938,ML,SUCCESS,
NGBoost,ZWave_Node_016_the_whole_multiplier_over_the_window_Sensor_power,H5,3.7734,0.5502,12.9249,0.7185,111.96,12800,ML,SUCCESS,
Prophet,ZWave_Node_016_the_whole_multiplier_over_the_window_Sensor_power,H5,9.9183,7.2061,336.5038,-0.945,17.68,51,ML,SUCCESS,
SARIMAX,ZWave_Node_016_the_whole_multiplier_over_the_window_Sensor_power,H5,7.7003,2.949,99.6588,-0.1724,0.63,3,ML,SUCCESS,
PatchTST,ZWave_Node_016_the_whole_multiplier_over_the_window_Sensor_power,H5,3.9105,0.7033,19.6424,0.6977,43.68,118145,ML,SUCCESS,
TFT,ZWave_Node_016_the_whole_multiplier_over_the_window_Sensor_power,H5,4.2121,0.8892,25.5335,0.6492,15.68,25540,ML,SUCCESS,
Naive,ZWave_Node_016_the_whole_multiplier_over_the_window_Sensor_power,H12,8.0393,4.708,201.9419,-0.2779,0.01,1,ML,SUCCESS,
Ridge,ZWave_Node_016_the_whole_multiplier_over_the_window_Sensor_power,H12,4.9188,1.0183,34.4919,0.5216,0.01,36,ML,SUCCESS,
ElasticNet,ZWave_Node_016_the_whole_multiplier_over_the_window_Sensor_power,H12,5.004,0.9364,30.3695,0.5049,0.05,36,ML,SUCCESS,
RandomForest,ZWave_Node_016_the_whole_multiplier_over_the_window_Sensor_power,H12,9.0247,2.7135,80.5653,-0.6103,8.66,144524,ML,SUCCESS,
ExtraTrees,ZWave_Node_016_the_whole_multiplier_over_the_window_Sensor_power,H12,5.4337,1.4996,44.9429,0.4163,1.38,164892,ML,SUCCESS,
KNN,ZWave_Node_016_the_whole_multiplier_over_the_window_Sensor_power,H12,6.3584,1.0797,33.2225,0.2006,3.38,2189705,ML,SUCCESS,
CatBoost,ZWave_Node_016_the_whole_multiplier_over_the_window_Sensor_power,H12,7.138,2.4255,90.5909,-0.0074,1.89,64000,ML,SUCCESS,
LightGBM,ZWave_Node_016_the_whole_multiplier_over_the_window_Sensor_power,H12,7.6729,2.5633,94.1217,-0.164,2.09,28952,ML,SUCCESS,
XGBoost,ZWave_Node_016_the_whole_multiplier_over_the_window_Sensor_power,H12,10.1662,3.0003,119.2603,-1.0434,1.63,48642,ML,SUCCESS,
NGBoost,ZWave_Node_016_the_whole_multiplier_over_the_window_Sensor_power,H12,5.2547,1.038,26.6833,0.4541,111.81,12800,ML,SUCCESS,
Prophet,ZWave_Node_016_the_whole_multiplier_over_the_window_Sensor_power,H12,9.7502,6.9758,325.1702,-0.8796,23.52,51,ML,SUCCESS,
SARIMAX,ZWave_Node_016_the_whole_multiplier_over_the_window_Sensor_power,H12,7.7003,2.9489,99.6599,-0.1723,0.57,3,ML,SUCCESS,
PatchTST,ZWave_Node_016_the_whole_multiplier_over_the_window_Sensor_power,H12,5.543,1.2353,40.0946,0.3925,37.67,118145,ML,SUCCESS,
TFT,ZWave_Node_016_the_whole_multiplier_over_the_window_Sensor_power,H12,5.7336,1.117,34.2617,0.35,13.44,25540,ML,SUCCESS,
Naive,ZWave_Node_042_ZW095_Home_Energy_Meter__Gen_5_Electric_meter_watts,H1,33.7314,24.1365,3.4616,-0.8691,0.01,1,ML,SUCCESS,
Ridge,ZWave_Node_042_ZW095_Home_Energy_Meter__Gen_5_Electric_meter_watts,H1,8.9373,5.1572,0.7504,0.8688,0.01,36,ML,SUCCESS,
ElasticNet,ZWave_Node_042_ZW095_Home_Energy_Meter__Gen_5_Electric_meter_watts,H1,8.9677,4.7845,0.6931,0.8679,0.09,36,ML,SUCCESS,
RandomForest,ZWave_Node_042_ZW095_Home_Energy_Meter__Gen_5_Electric_meter_watts,H1,8.7606,4.8758,0.709,0.8739,11.01,173324,ML,SUCCESS,
ExtraTrees,ZWave_Node_042_ZW095_Home_Energy_Meter__Gen_5_Electric_meter_watts,H1,8.5356,4.8341,0.7065,0.8803,1.24,190124,ML,SUCCESS,
KNN,ZWave_Node_042_ZW095_Home_Energy_Meter__Gen_5_Electric_meter_watts,H1,15.3815,9.9474,1.4489,0.6113,2.98,2057615,ML,SUCCESS,
CatBoost,ZWave_Node_042_ZW095_Home_Energy_Meter__Gen_5_Electric_meter_watts,H1,8.9711,5.0967,0.7418,0.8678,1.83,64000,ML,SUCCESS,
LightGBM,ZWave_Node_042_ZW095_Home_Energy_Meter__Gen_5_Electric_meter_watts,H1,9.1674,5.2405,0.7618,0.8619,1.95,26242,ML,SUCCESS,
XGBoost,ZWave_Node_042_ZW095_Home_Energy_Meter__Gen_5_Electric_meter_watts,H1,10.3609,5.9471,0.8668,0.8237,1.86,53168,ML,SUCCESS,
NGBoost,ZWave_Node_042_ZW095_Home_Energy_Meter__Gen_5_Electric_meter_watts,H1,12.7706,5.5046,0.8151,0.7321,123.81,12800,ML,SUCCESS,
Prophet,ZWave_Node_042_ZW095_Home_Energy_Meter__Gen_5_Electric_meter_watts,H1,106.9502,92.6664,13.4361,-17.7903,11.33,51,ML,SUCCESS,
SARIMAX,ZWave_Node_042_ZW095_Home_Energy_Meter__Gen_5_Electric_meter_watts,H1,615.5219,596.4894,87.474,-621.3833,2.18,3,ML,SUCCESS,
PatchTST,ZWave_Node_042_ZW095_Home_Energy_Meter__Gen_5_Electric_meter_watts,H1,13.1123,7.2467,1.0424,0.7176,46.62,118145,ML,SUCCESS,
TFT,ZWave_Node_042_ZW095_Home_Energy_Meter__Gen_5_Electric_meter_watts,H1,12.1315,6.0781,0.8759,0.7582,24.15,25540,ML,SUCCESS,
Naive,ZWave_Node_042_ZW095_Home_Energy_Meter__Gen_5_Electric_meter_watts,H5,38.158,29.92,4.3095,-1.3912,0.01,1,ML,SUCCESS,
Ridge,ZWave_Node_042_ZW095_Home_Energy_Meter__Gen_5_Electric_meter_watts,H5,14.4624,6.1985,0.8897,0.6565,0.01,36,ML,SUCCESS,
ElasticNet,ZWave_Node_042_ZW095_Home_Energy_Meter__Gen_5_Electric_meter_watts,H5,14.4803,5.8388,0.8354,0.6557,0.11,36,ML,SUCCESS,
RandomForest,ZWave_Node_042_ZW095_Home_Energy_Meter__Gen_5_Electric_meter_watts,H5,15.1803,7.1879,1.0311,0.6216,11.53,168620,ML,SUCCESS,
ExtraTrees,ZWave_Node_042_ZW095_Home_Energy_Meter__Gen_5_Electric_meter_watts,H5,14.249,5.8738,0.8446,0.6666,1.33,209948,ML,SUCCESS,
KNN,ZWave_Node_042_ZW095_Home_Energy_Meter__Gen_5_Electric_meter_watts,H5,25.885,11.8736,1.7172,-0.1004,2.96,2057615,ML,SUCCESS,
CatBoost,ZWave_Node_042_ZW095_Home_Energy_Meter__Gen_5_Electric_meter_watts,H5,15.8676,7.0085,1.0078,0.5865,1.88,64000,ML,SUCCESS,
LightGBM,ZWave_Node_042_ZW095_Home_Energy_Meter__Gen_5_Electric_meter_watts,H5,17.437,8.7356,1.2576,0.5007,2.1,29278,ML,SUCCESS,
XGBoost,ZWave_Node_042_ZW095_Home_Energy_Meter__Gen_5_Electric_meter_watts,H5,19.9876,10.4254,1.511,0.3439,1.87,54970,ML,SUCCESS,
NGBoost,ZWave_Node_042_ZW095_Home_Energy_Meter__Gen_5_Electric_meter_watts,H5,14.07,5.9122,0.8486,0.6749,123.97,12800,ML,SUCCESS,
Prophet,ZWave_Node_042_ZW095_Home_Energy_Meter__Gen_5_Electric_meter_watts,H5,108.5133,94.1885,13.6587,-18.3378,14.21,51,ML,SUCCESS,
SARIMAX,ZWave_Node_042_ZW095_Home_Energy_Meter__Gen_5_Electric_meter_watts,H5,615.7852,597.0121,87.5513,-621.7286,1.91,3,ML,SUCCESS,
PatchTST,ZWave_Node_042_ZW095_Home_Energy_Meter__Gen_5_Electric_meter_watts,H5,19.5606,7.1976,1.0303,0.3716,40.58,118145,ML,SUCCESS,
TFT,ZWave_Node_042_ZW095_Home_Energy_Meter__Gen_5_Electric_meter_watts,H5,18.6136,7.5476,1.0794,0.431,24.14,25540,ML,SUCCESS,
Naive,ZWave_Node_042_ZW095_Home_Energy_Meter__Gen_5_Electric_meter_watts,H12,38.0572,29.7851,4.2895,-1.3769,0.01,1,ML,SUCCESS,
Ridge,ZWave_Node_042_ZW095_Home_Energy_Meter__Gen_5_Electric_meter_watts,H12,19.5015,7.9528,1.135,0.3759,0.01,36,ML,SUCCESS,
ElasticNet,ZWave_Node_042_ZW095_Home_Energy_Meter__Gen_5_Electric_meter_watts,H12,18.8739,7.343,1.0458,0.4154,0.1,36,ML,SUCCESS,
RandomForest,ZWave_Node_042_ZW095_Home_Energy_Meter__Gen_5_Electric_meter_watts,H12,18.89,7.5699,1.0754,0.4144,10.22,159788,ML,SUCCESS,
ExtraTrees,ZWave_Node_042_ZW095_Home_Energy_Meter__Gen_5_Electric_meter_watts,H12,19.1396,6.8123,0.9716,0.3988,1.31,219396,ML,SUCCESS,
KNN,ZWave_Node_042_ZW095_Home_Energy_Meter__Gen_5_Electric_meter_watts,H12,30.1754,13.0729,1.8809,-0.4943,2.97,2057615,ML,SUCCESS,
CatBoost,ZWave_Node_042_ZW095_Home_Energy_Meter__Gen_5_Electric_meter_watts,H12,22.0938,10.3211,1.4798,0.1989,1.83,64000,ML,SUCCESS,
LightGBM,ZWave_Node_042_ZW095_Home_Energy_Meter__Gen_5_Electric_meter_watts,H12,22.28,10.5497,1.5155,0.1853,2.16,29832,ML,SUCCESS,
XGBoost,ZWave_Node_042_ZW095_Home_Energy_Meter__Gen_5_Electric_meter_watts,H12,23.7115,11.4527,1.6534,0.0773,1.89,55846,ML,SUCCESS,
NGBoost,ZWave_Node_042_ZW095_Home_Energy_Meter__Gen_5_Electric_meter_watts,H12,18.7403,7.6343,1.0926,0.4236,123.24,12800,ML,SUCCESS,
Prophet,ZWave_Node_042_ZW095_Home_Energy_Meter__Gen_5_Electric_meter_watts,H12,110.6858,96.2317,13.9562,-19.1062,12.39,51,ML,SUCCESS,
SARIMAX,ZWave_Node_042_ZW095_Home_Energy_Meter__Gen_5_Electric_meter_watts,H12,615.9408,597.2371,87.5831,-621.6208,1.92,3,ML,SUCCESS,
PatchTST,ZWave_Node_042_ZW095_Home_Energy_Meter__Gen_5_Electric_meter_watts,H12,22.5193,9.1579,1.3146,0.1677,61.81,118145,ML,SUCCESS,
TFT,ZWave_Node_042_ZW095_Home_Energy_Meter__Gen_5_Electric_meter_watts,H12,21.2036,8.9788,1.284,0.2622,25.17,25540,ML,SUCCESS,
Naive,ZWave_Node_042_ZW095_Home_Energy_Meter__Gen_5_Electric_meter_watts_2,H1,36.6329,31.1596,11.4115,-2.3697,0.01,1,ML,SUCCESS,
Ridge,ZWave_Node_042_ZW095_Home_Energy_Meter__Gen_5_Electric_meter_watts_2,H1,5.3829,3.374,1.2705,0.9272,0.01,36,ML,SUCCESS,
ElasticNet,ZWave_Node_042_ZW095_Home_Energy_Meter__Gen_5_Electric_meter_watts_2,H1,5.236,3.1738,1.1924,0.9312,0.06,36,ML,SUCCESS,
RandomForest,ZWave_Node_042_ZW095_Home_Energy_Meter__Gen_5_Electric_meter_watts_2,H1,5.6124,3.4396,1.2835,0.9209,11.25,188408,ML,SUCCESS,
ExtraTrees,ZWave_Node_042_ZW095_Home_Energy_Meter__Gen_5_Electric_meter_watts_2,H1,5.1216,3.2489,1.2269,0.9341,1.28,197944,ML,SUCCESS,
KNN,ZWave_Node_042_ZW095_Home_Energy_Meter__Gen_5_Electric_meter_watts_2,H1,9.2224,6.3921,2.3653,0.7864,2.95,2057790,ML,SUCCESS,
CatBoost,ZWave_Node_042_ZW095_Home_Energy_Meter__Gen_5_Electric_meter_watts_2,H1,5.4175,3.394,1.2771,0.9263,1.85,64000,ML,SUCCESS,
LightGBM,ZWave_Node_042_ZW095_Home_Energy_Meter__Gen_5_Electric_meter_watts_2,H1,5.4058,3.3995,1.2746,0.9266,2.0,27462,ML,SUCCESS,
XGBoost,ZWave_Node_042_ZW095_Home_Energy_Meter__Gen_5_Electric_meter_watts_2,H1,5.8464,3.7501,1.4049,0.9142,1.88,54494,ML,SUCCESS,
NGBoost,ZWave_Node_042_ZW095_Home_Energy_Meter__Gen_5_Electric_meter_watts_2,H1,5.2255,3.2339,1.2143,0.9314,123.97,12800,ML,SUCCESS,
Prophet,ZWave_Node_042_ZW095_Home_Energy_Meter__Gen_5_Electric_meter_watts_2,H1,88.6377,76.7552,28.2739,-18.7279,13.56,51,ML,SUCCESS,
SARIMAX,ZWave_Node_042_ZW095_Home_Energy_Meter__Gen_5_Electric_meter_watts_2,H1,243.8202,236.9731,89.6711,-148.2737,2.99,3,ML,SUCCESS,
PatchTST,ZWave_Node_042_ZW095_Home_Energy_Meter__Gen_5_Electric_meter_watts_2,H1,6.3342,3.6165,1.3472,0.8993,61.85,118145,ML,SUCCESS,
TFT,ZWave_Node_042_ZW095_Home_Energy_Meter__Gen_5_Electric_meter_watts_2,H1,6.9732,4.1804,1.5486,0.8779,25.25,25540,ML,SUCCESS,
Naive,ZWave_Node_042_ZW095_Home_Energy_Meter__Gen_5_Electric_meter_watts_2,H5,35.4369,29.9538,10.9629,-2.1528,0.01,1,ML,SUCCESS,
Ridge,ZWave_Node_042_ZW095_Home_Energy_Meter__Gen_5_Electric_meter_watts_2,H5,7.3559,3.8739,1.4484,0.8642,0.01,36,ML,SUCCESS,
ElasticNet,ZWave_Node_042_ZW095_Home_Energy_Meter__Gen_5_Electric_meter_watts_2,H5,7.2487,3.6911,1.3789,0.8681,0.08,36,ML,SUCCESS,
RandomForest,ZWave_Node_042_ZW095_Home_Energy_Meter__Gen_5_Electric_meter_watts_2,H5,8.8923,4.8714,1.8167,0.8015,10.91,173456,ML,SUCCESS,
ExtraTrees,ZWave_Node_042_ZW095_Home_Energy_Meter__Gen_5_Electric_meter_watts_2,H5,7.7077,4.2356,1.5847,0.8508,1.3,217348,ML,SUCCESS,
KNN,ZWave_Node_042_ZW095_Home_Energy_Meter__Gen_5_Electric_meter_watts_2,H5,12.4606,7.3377,2.7016,0.6102,2.95,2057790,ML,SUCCESS,
CatBoost,ZWave_Node_042_ZW095_Home_Energy_Meter__Gen_5_Electric_meter_watts_2,H5,9.0916,4.4952,1.6809,0.7925,1.83,64000,ML,SUCCESS,
LightGBM,ZWave_Node_042_ZW095_Home_Energy_Meter__Gen_5_Electric_meter_watts_2,H5,9.1802,5.2467,1.9601,0.7884,2.12,29832,ML,SUCCESS,
XGBoost,ZWave_Node_042_ZW095_Home_Energy_Meter__Gen_5_Electric_meter_watts_2,H5,10.0226,5.8288,2.1887,0.7478,1.9,55304,ML,SUCCESS,
NGBoost,ZWave_Node_042_ZW095_Home_Energy_Meter__Gen_5_Electric_meter_watts_2,H5,7.5978,3.8547,1.4341,0.8551,124.15,12800,ML,SUCCESS,
Prophet,ZWave_Node_042_ZW095_Home_Energy_Meter__Gen_5_Electric_meter_watts_2,H5,88.8516,76.9619,28.3518,-18.8205,13.12,51,ML,SUCCESS,
SARIMAX,ZWave_Node_042_ZW095_Home_Energy_Meter__Gen_5_Electric_meter_watts_2,H5,243.7567,236.8435,89.6181,-148.1753,1.29,3,ML,SUCCESS,
PatchTST,ZWave_Node_042_ZW095_Home_Energy_Meter__Gen_5_Electric_meter_watts_2,H5,9.568,4.4815,1.6697,0.7702,52.32,118145,ML,SUCCESS,
TFT,ZWave_Node_042_ZW095_Home_Energy_Meter__Gen_5_Electric_meter_watts_2,H5,9.2091,5.1665,1.9178,0.7871,17.81,25540,ML,SUCCESS,
Naive,ZWave_Node_042_ZW095_Home_Energy_Meter__Gen_5_Electric_meter_watts_2,H12,39.4798,34.3601,12.6248,-2.9117,0.01,1,ML,SUCCESS,
Ridge,ZWave_Node_042_ZW095_Home_Energy_Meter__Gen_5_Electric_meter_watts_2,H12,9.1724,4.6103,1.7214,0.7889,0.01,36,ML,SUCCESS,
ElasticNet,ZWave_Node_042_ZW095_Home_Energy_Meter__Gen_5_Electric_meter_watts_2,H12,8.9717,4.3557,1.624,0.798,0.1,36,ML,SUCCESS,
RandomForest,ZWave_Node_042_ZW095_Home_Energy_Meter__Gen_5_Electric_meter_watts_2,H12,10.0057,4.9591,1.8247,0.7487,9.58,184768,ML,SUCCESS,
ExtraTrees,ZWave_Node_042_ZW095_Home_Energy_Meter__Gen_5_Electric_meter_watts_2,H12,9.443,4.5805,1.7002,0.7762,1.21,225772,ML,SUCCESS,
KNN,ZWave_Node_042_ZW095_Home_Energy_Meter__Gen_5_Electric_meter_watts_2,H12,15.0146,8.0916,2.971,0.4342,2.99,2057790,ML,SUCCESS,
CatBoost,ZWave_Node_042_ZW095_Home_Energy_Meter__Gen_5_Electric_meter_watts_2,H12,10.971,5.6939,2.1198,0.6979,1.82,64000,ML,SUCCESS,
LightGBM,ZWave_Node_042_ZW095_Home_Energy_Meter__Gen_5_Electric_meter_watts_2,H12,11.8878,6.2464,2.3203,0.6453,2.21,30244,ML,SUCCESS,
XGBoost,ZWave_Node_042_ZW095_Home_Energy_Meter__Gen_5_Electric_meter_watts_2,H12,11.6057,5.874,2.1758,0.662,1.87,55376,ML,SUCCESS,
NGBoost,ZWave_Node_042_ZW095_Home_Energy_Meter__Gen_5_Electric_meter_watts_2,H12,9.6492,4.5418,1.6761,0.7663,123.5,12800,ML,SUCCESS,
Prophet,ZWave_Node_042_ZW095_Home_Energy_Meter__Gen_5_Electric_meter_watts_2,H12,89.0878,77.1823,28.4327,-18.9184,11.96,51,ML,SUCCESS,
SARIMAX,ZWave_Node_042_ZW095_Home_Energy_Meter__Gen_5_Electric_meter_watts_2,H12,244.0533,237.3681,89.8228,-148.4814,1.24,3,ML,SUCCESS,
PatchTST,ZWave_Node_042_ZW095_Home_Energy_Meter__Gen_5_Electric_meter_watts_2,H12,9.8902,5.252,1.9462,0.7545,58.79,118145,ML,SUCCESS,
TFT,ZWave_Node_042_ZW095_Home_Energy_Meter__Gen_5_Electric_meter_watts_2,H12,12.1532,6.9815,2.5281,0.6293,19.42,25540,ML,SUCCESS,
Naive,Wall_Plug_2_Sensor_power,H1,1.7643,0.5578,92.1664,-0.0548,0.01,1,ML,SUCCESS,
Ridge,Wall_Plug_2_Sensor_power,H1,0.5006,0.0302,4.0432,0.9151,0.02,36,ML,SUCCESS,
ElasticNet,Wall_Plug_2_Sensor_power,H1,0.5359,0.0371,4.5448,0.9027,0.03,36,ML,SUCCESS,
RandomForest,Wall_Plug_2_Sensor_power,H1,0.5921,0.0475,4.6557,0.8812,8.61,214884,ML,SUCCESS,
ExtraTrees,Wall_Plug_2_Sensor_power,H1,0.643,0.0881,11.7581,0.8599,1.36,221752,ML,SUCCESS,
KNN,Wall_Plug_2_Sensor_power,H1,0.8933,0.4313,75.8351,0.7296,3.46,2245425,ML,SUCCESS,
CatBoost,Wall_Plug_2_Sensor_power,H1,1.4392,0.5268,89.858,0.298,1.94,64000,ML,SUCCESS,
LightGBM,Wall_Plug_2_Sensor_power,H1,0.8539,0.141,19.3522,0.7529,1.73,23080,ML,SUCCESS,
XGBoost,Wall_Plug_2_Sensor_power,H1,1.0337,0.2155,33.2337,0.6379,1.34,35910,ML,SUCCESS,
NGBoost,Wall_Plug_2_Sensor_power,H1,0.8144,0.0797,8.6026,0.7753,131.28,12800,ML,SUCCESS,
Prophet,Wall_Plug_2_Sensor_power,H1,3.371,2.9542,550.7657,-2.8511,10.85,51,ML,SUCCESS,
SARIMAX,Wall_Plug_2_Sensor_power,H1,1.8217,0.606,99.7484,-0.1247,0.94,3,ML,SUCCESS,
PatchTST,Wall_Plug_2_Sensor_power,H1,1.1216,0.1057,10.1191,0.5737,40.68,118145,ML,SUCCESS,
TFT,Wall_Plug_2_Sensor_power,H1,0.9111,0.1268,16.8038,0.7187,15.88,25540,ML,SUCCESS,
Naive,Wall_Plug_2_Sensor_power,H5,1.7496,0.4884,78.913,-0.0374,0.01,1,ML,SUCCESS,
Ridge,Wall_Plug_2_Sensor_power,H5,0.9447,0.1174,16.3776,0.6976,0.02,36,ML,SUCCESS,
ElasticNet,Wall_Plug_2_Sensor_power,H5,0.9239,0.0764,8.027,0.7107,0.03,36,ML,SUCCESS,
RandomForest,Wall_Plug_2_Sensor_power,H5,1.1454,0.1176,12.5898,0.5554,9.98,207296,ML,SUCCESS,
ExtraTrees,Wall_Plug_2_Sensor_power,H5,1.0468,0.1441,18.428,0.6287,1.44,232816,ML,SUCCESS,
KNN,Wall_Plug_2_Sensor_power,H5,1.6607,0.4997,84.6555,0.0654,3.48,2245425,ML,SUCCESS,
CatBoost,Wall_Plug_2_Sensor_power,H5,1.2171,0.2619,40.4891,0.498,1.94,64000,ML,SUCCESS,
LightGBM,Wall_Plug_2_Sensor_power,H5,1.1886,0.2028,28.2198,0.5212,1.88,25354,ML,SUCCESS,
XGBoost,Wall_Plug_2_Sensor_power,H5,1.2083,0.1961,27.1637,0.5052,1.4,37912,ML,SUCCESS,
NGBoost,Wall_Plug_2_Sensor_power,H5,1.0493,0.1593,22.1337,0.6269,129.09,12800,ML,SUCCESS,
Prophet,Wall_Plug_2_Sensor_power,H5,3.3908,2.9758,554.9233,-2.8966,12.62,51,ML,SUCCESS,
SARIMAX,Wall_Plug_2_Sensor_power,H5,1.8217,0.606,99.75,-0.1247,0.93,3,ML,SUCCESS,
PatchTST,Wall_Plug_2_Sensor_power,H5,1.2727,0.132,13.3673,0.4511,28.62,118145,ML,SUCCESS,
TFT,Wall_Plug_2_Sensor_power,H5,1.1438,0.1633,20.3795,0.5566,22.91,25540,ML,SUCCESS,
Naive,Wall_Plug_2_Sensor_power,H12,1.7535,0.5079,82.6349,-0.042,0.01,1,ML,SUCCESS,
Ridge,Wall_Plug_2_Sensor_power,H12,1.2961,0.2248,32.1949,0.4307,0.01,36,ML,SUCCESS,
ElasticNet,Wall_Plug_2_Sensor_power,H12,1.2439,0.1265,13.4027,0.4756,0.03,36,ML,SUCCESS,
RandomForest,Wall_Plug_2_Sensor_power,H12,1.3941,0.2045,26.3612,0.3414,9.7,231008,ML,SUCCESS,
ExtraTrees,Wall_Plug_2_Sensor_power,H12,1.3973,0.3574,56.2994,0.3383,1.35,248536,ML,SUCCESS,
KNN,Wall_Plug_2_Sensor_power,H12,2.1634,0.5668,95.6299,-0.5861,3.53,2245425,ML,SUCCESS,
CatBoost,Wall_Plug_2_Sensor_power,H12,1.3845,0.2579,37.0967,0.3504,1.98,64000,ML,SUCCESS,
LightGBM,Wall_Plug_2_Sensor_power,H12,1.3884,0.2354,34.2657,0.3468,1.91,25588,ML,SUCCESS,
XGBoost,Wall_Plug_2_Sensor_power,H12,1.4163,0.3264,49.3754,0.3202,1.5,39880,ML,SUCCESS,
NGBoost,Wall_Plug_2_Sensor_power,H12,1.3682,0.1364,14.7513,0.3656,129.94,12800,ML,SUCCESS,
Prophet,Wall_Plug_2_Sensor_power,H12,3.3678,2.9509,550.1871,-2.8439,12.62,51,ML,SUCCESS,
SARIMAX,Wall_Plug_2_Sensor_power,H12,1.8217,0.606,99.7475,-0.1247,0.97,3,ML,SUCCESS,
PatchTST,Wall_Plug_2_Sensor_power,H12,1.4296,0.2911,42.9076,0.3074,40.67,118145,ML,SUCCESS,
TFT,Wall_Plug_2_Sensor_power,H12,1.4365,0.2774,39.8913,0.3007,10.91,25540,ML,SUCCESS,
Naive,WavePlug_UPS_Sensor_power,H1,46.4432,25.8864,37.9934,-0.4005,0.01,1,ML,SUCCESS,
Ridge,WavePlug_UPS_Sensor_power,H1,6.8885,1.5508,3.712,0.9692,0.02,36,ML,SUCCESS,
ElasticNet,WavePlug_UPS_Sensor_power,H1,7.6169,2.0593,5.4508,0.9623,0.09,36,ML,SUCCESS,
RandomForest,WavePlug_UPS_Sensor_power,H1,9.2805,3.5712,10.4714,0.9441,8.97,125868,ML,SUCCESS,
ExtraTrees,WavePlug_UPS_Sensor_power,H1,7.0484,2.1245,6.0175,0.9677,1.37,198448,ML,SUCCESS,
KNN,WavePlug_UPS_Sensor_power,H1,13.7929,8.0334,21.2915,0.8765,3.59,2279585,ML,SUCCESS,
CatBoost,WavePlug_UPS_Sensor_power,H1,9.2815,3.2446,6.6495,0.9441,1.99,64000,ML,SUCCESS,
LightGBM,WavePlug_UPS_Sensor_power,H1,8.4439,3.2344,6.9941,0.9537,2.08,28286,ML,SUCCESS,
XGBoost,WavePlug_UPS_Sensor_power,H1,13.499,4.8116,9.5275,0.8817,1.79,48760,ML,SUCCESS,
NGBoost,WavePlug_UPS_Sensor_power,H1,7.104,1.9108,4.8381,0.9672,113.7,12800,ML,SUCCESS,
Prophet,WavePlug_UPS_Sensor_power,H1,40.8161,32.3892,134.3345,-0.0817,16.29,51,ML,SUCCESS,
SARIMAX,WavePlug_UPS_Sensor_power,H1,55.4774,39.1915,99.6801,-0.9983,0.63,3,ML,SUCCESS,
PatchTST,WavePlug_UPS_Sensor_power,H1,10.9752,4.1586,9.9607,0.9218,52.85,118145,ML,SUCCESS,
TFT,WavePlug_UPS_Sensor_power,H1,10.2422,3.6422,9.4207,0.9319,26.46,25540,ML,SUCCESS,
Naive,WavePlug_UPS_Sensor_power,H5,46.4633,25.8995,37.9843,-0.4017,0.01,1,ML,SUCCESS,
Ridge,WavePlug_UPS_Sensor_power,H5,14.2649,4.589,13.3319,0.8679,0.02,36,ML,SUCCESS,
ElasticNet,WavePlug_UPS_Sensor_power,H5,14.5457,4.9303,14.3222,0.8626,0.11,36,ML,SUCCESS,
RandomForest,WavePlug_UPS_Sensor_power,H5,19.8404,9.2845,25.6734,0.7444,9.2,177012,ML,SUCCESS,
ExtraTrees,WavePlug_UPS_Sensor_power,H5,17.1185,7.0168,15.4218,0.8097,1.35,222928,ML,SUCCESS,
KNN,WavePlug_UPS_Sensor_power,H5,21.2807,11.1088,29.8204,0.706,3.61,2279585,ML,SUCCESS,
CatBoost,WavePlug_UPS_Sensor_power,H5,17.0162,7.3605,18.8573,0.812,2.02,64000,ML,SUCCESS,
LightGBM,WavePlug_UPS_Sensor_power,H5,20.9867,9.3491,22.2368,0.714,2.18,30108,ML,SUCCESS,
XGBoost,WavePlug_UPS_Sensor_power,H5,23.5941,10.7249,27.2095,0.6385,1.87,51816,ML,SUCCESS,
NGBoost,WavePlug_UPS_Sensor_power,H5,15.2711,5.9203,15.6447,0.8486,113.69,12800,ML,SUCCESS,
Prophet,WavePlug_UPS_Sensor_power,H5,40.8512,32.4666,135.1878,-0.0836,19.41,51,ML,SUCCESS,
SARIMAX,WavePlug_UPS_Sensor_power,H5,55.4772,39.1919,99.6812,-0.9984,0.6,3,ML,SUCCESS,
PatchTST,WavePlug_UPS_Sensor_power,H5,16.1297,6.1415,16.154,0.8311,31.99,118145,ML,SUCCESS,
TFT,WavePlug_UPS_Sensor_power,H5,16.6269,6.8079,17.0768,0.8205,26.52,25540,ML,SUCCESS,
Naive,WavePlug_UPS_Sensor_power,H12,46.4076,25.8636,38.0082,-0.3984,0.01,1,ML,SUCCESS,
Ridge,WavePlug_UPS_Sensor_power,H12,20.0922,8.5518,26.8767,0.7379,0.02,36,ML,SUCCESS,
ElasticNet,WavePlug_UPS_Sensor_power,H12,20.2293,8.6822,26.8092,0.7343,0.1,36,ML,SUCCESS,
RandomForest,WavePlug_UPS_Sensor_power,H12,24.8093,12.2954,31.6746,0.6003,9.28,215024,ML,SUCCESS,
ExtraTrees,WavePlug_UPS_Sensor_power,H12,22.7836,10.7423,25.6787,0.6629,1.38,249012,ML,SUCCESS,
KNN,WavePlug_UPS_Sensor_power,H12,27.2727,14.0991,39.3769,0.517,3.66,2279585,ML,SUCCESS,
CatBoost,WavePlug_UPS_Sensor_power,H12,22.2831,11.5709,37.2278,0.6776,2.05,64000,ML,SUCCESS,
LightGBM,WavePlug_UPS_Sensor_power,H12,24.6928,12.7709,34.7791,0.6041,2.24,30586,ML,SUCCESS,
XGBoost,WavePlug_UPS_Sensor_power,H12,26.4593,13.643,36.6208,0.5454,1.93,54606,ML,SUCCESS,
NGBoost,WavePlug_UPS_Sensor_power,H12,20.8204,9.9331,29.8001,0.7185,114.34,12800,ML,SUCCESS,
Prophet,WavePlug_UPS_Sensor_power,H12,40.8233,32.3678,134.0351,-0.0821,21.05,51,ML,SUCCESS,
SARIMAX,WavePlug_UPS_Sensor_power,H12,55.4766,39.192,99.6781,-0.9984,0.59,3,ML,SUCCESS,
PatchTST,WavePlug_UPS_Sensor_power,H12,21.0661,9.8029,30.4992,0.7118,26.47,118145,ML,SUCCESS,
TFT,WavePlug_UPS_Sensor_power,H12,22.0525,10.0099,26.6733,0.6842,22.77,25540,ML,SUCCESS,
Naive,ZWave5_network_switch_Sensor_power,H1,0.1099,0.0383,1.0662,-0.1152,0.08,1,ML,SUCCESS,
Ridge,ZWave5_network_switch_Sensor_power,H1,0.022,0.0031,0.0891,0.9552,0.11,51,ML,SUCCESS,
ElasticNet,ZWave5_network_switch_Sensor_power,H1,0.0552,0.0347,1.0109,0.719,0.22,51,ML,SUCCESS,
RandomForest,ZWave5_network_switch_Sensor_power,H1,0.0223,0.0031,0.0898,0.9539,22.23,99684,ML,SUCCESS,
ExtraTrees,ZWave5_network_switch_Sensor_power,H1,0.021,0.0029,0.0855,0.9594,17.4,161472,ML,SUCCESS,
KNN,ZWave5_network_switch_Sensor_power,H1,0.0339,0.0083,0.2401,0.8939,58.15,12748850,ML,SUCCESS,
CatBoost,ZWave5_network_switch_Sensor_power,H1,0.0203,0.0027,0.0782,0.962,7.88,64000,ML,SUCCESS,
LightGBM,ZWave5_network_switch_Sensor_power,H1,0.0208,0.003,0.0867,0.9599,2.8,25214,ML,SUCCESS,
XGBoost,ZWave5_network_switch_Sensor_power,H1,0.0247,0.0042,0.1235,0.9435,5.1,44972,ML,SUCCESS,
NGBoost,ZWave5_network_switch_Sensor_power,H1,0.0206,0.0027,0.0772,0.961,294.19,12800,ML,SUCCESS,
Prophet,ZWave5_network_switch_Sensor_power,H1,0.1075,0.064,1.8545,-0.0673,52.42,51,ML,SUCCESS,
SARIMAX,ZWave5_network_switch_Sensor_power,H1,2.433,2.2762,68.1725,-545.5236,5.3,3,ML,SUCCESS,
PatchTST,ZWave5_network_switch_Sensor_power,H1,0.0325,0.0093,0.2713,0.9022,57.07,125825,ML,SUCCESS,
TFT,ZWave5_network_switch_Sensor_power,H1,0.0314,0.0107,0.318,0.9088,27.93,28435,ML,SUCCESS,
Naive,ZWave5_network_switch_Sensor_power,H5,0.1099,0.0383,1.0662,-0.1152,0.05,1,ML,SUCCESS,
Ridge,ZWave5_network_switch_Sensor_power,H5,0.0448,0.012,0.3482,0.8146,0.07,51,ML,SUCCESS,
ElasticNet,ZWave5_network_switch_Sensor_power,H5,0.0685,0.042,1.2217,0.5663,0.21,51,ML,SUCCESS,
RandomForest,ZWave5_network_switch_Sensor_power,H5,0.0445,0.0107,0.3098,0.8168,22.55,163080,ML,SUCCESS,
ExtraTrees,ZWave5_network_switch_Sensor_power,H5,0.0427,0.0109,0.3151,0.8313,17.05,214396,ML,SUCCESS,
KNN,ZWave5_network_switch_Sensor_power,H5,0.0708,0.0194,0.5669,0.5368,58.06,12748850,ML,SUCCESS,
CatBoost,ZWave5_network_switch_Sensor_power,H5,0.0434,0.0124,0.3605,0.8264,7.62,64000,ML,SUCCESS,
LightGBM,ZWave5_network_switch_Sensor_power,H5,0.0463,0.0132,0.3828,0.8024,3.02,30030,ML,SUCCESS,
XGBoost,ZWave5_network_switch_Sensor_power,H5,0.0474,0.0139,0.4058,0.7926,5.51,52414,ML,SUCCESS,
NGBoost,ZWave5_network_switch_Sensor_power,H5,0.0433,0.0109,0.3171,0.8268,293.35,12800,ML,SUCCESS,
Prophet,ZWave5_network_switch_Sensor_power,H5,0.1075,0.062,1.7946,-0.0668,48.45,51,ML,SUCCESS,
SARIMAX,ZWave5_network_switch_Sensor_power,H5,2.433,2.2763,68.1729,-545.5284,5.86,3,ML,SUCCESS,
PatchTST,ZWave5_network_switch_Sensor_power,H5,0.0471,0.0141,0.4105,0.7953,63.48,125825,ML,SUCCESS,
TFT,ZWave5_network_switch_Sensor_power,H5,0.0472,0.0123,0.3564,0.7943,21.62,28435,ML,SUCCESS,
Naive,ZWave5_network_switch_Sensor_power,H12,0.1099,0.0383,1.0662,-0.1152,0.05,1,ML,SUCCESS,
Ridge,ZWave5_network_switch_Sensor_power,H12,0.0644,0.023,0.6635,0.6175,0.07,51,ML,SUCCESS,
ElasticNet,ZWave5_network_switch_Sensor_power,H12,0.0841,0.052,1.5115,0.3475,0.17,51,ML,SUCCESS,
RandomForest,ZWave5_network_switch_Sensor_power,H12,0.0651,0.022,0.6382,0.6088,21.66,195060,ML,SUCCESS,
ExtraTrees,ZWave5_network_switch_Sensor_power,H12,0.0634,0.0224,0.6498,0.6287,15.76,242472,ML,SUCCESS,
KNN,ZWave5_network_switch_Sensor_power,H12,0.0916,0.0292,0.8482,0.2251,57.54,12748850,ML,SUCCESS,
CatBoost,ZWave5_network_switch_Sensor_power,H12,0.0649,0.0243,0.7056,0.6112,7.96,64000,ML,SUCCESS,
LightGBM,ZWave5_network_switch_Sensor_power,H12,0.0677,0.0263,0.7667,0.5768,3.08,30662,ML,SUCCESS,
XGBoost,ZWave5_network_switch_Sensor_power,H12,0.0711,0.0312,0.9144,0.5334,5.7,53142,ML,SUCCESS,
NGBoost,ZWave5_network_switch_Sensor_power,H12,0.0628,0.0223,0.6458,0.6361,294.23,12800,ML,SUCCESS,
Prophet,ZWave5_network_switch_Sensor_power,H12,0.1075,0.0617,1.7851,-0.067,46.96,51,ML,SUCCESS,
SARIMAX,ZWave5_network_switch_Sensor_power,H12,2.433,2.2763,68.173,-545.5281,5.91,3,ML,SUCCESS,
PatchTST,ZWave5_network_switch_Sensor_power,H12,0.0653,0.022,0.6373,0.6065,55.45,125825,ML,SUCCESS,
TFT,ZWave5_network_switch_Sensor_power,H12,0.0646,0.0212,0.6086,0.6142,25.36,28435,ML,SUCCESS,
Naive,ZWave7_bookcase_Sensor_power,H1,0.001,0.0,100.0,-0.0001,0.05,1,ML,SUCCESS,
Ridge,ZWave7_bookcase_Sensor_power,H1,0.0012,0.0001,76.1915,-0.3695,0.08,51,ML,SUCCESS,
ElasticNet,ZWave7_bookcase_Sensor_power,H1,0.001,0.0,99.991,-0.0,0.16,51,ML,SUCCESS,
RandomForest,ZWave7_bookcase_Sensor_power,H1,0.001,0.0,83.8462,0.0573,8.95,6700,ML,SUCCESS,
ExtraTrees,ZWave7_bookcase_Sensor_power,H1,0.0011,0.0,77.461,-0.2585,11.84,12160,ML,SUCCESS,
KNN,ZWave7_bookcase_Sensor_power,H1,0.001,0.0,73.8462,0.0584,57.57,12748850,ML,SUCCESS,
CatBoost,ZWave7_bookcase_Sensor_power,H1,0.001,0.0,87.8422,0.0341,6.12,64000,ML,SUCCESS,
LightGBM,ZWave7_bookcase_Sensor_power,H1,0.0013,0.0,84.2748,-0.6239,1.52,9636,ML,SUCCESS,
XGBoost,ZWave7_bookcase_Sensor_power,H1,0.001,0.0,89.0073,-0.0329,2.95,3732,ML,SUCCESS,
NGBoost,ZWave7_bookcase_Sensor_power,H1,0.001,0.0,86.4624,0.0709,186.77,12800,ML,SUCCESS,
Prophet,ZWave7_bookcase_Sensor_power,H1,0.001,0.0,99.9678,-0.0003,27.62,51,ML,SUCCESS,
SARIMAX,ZWave7_bookcase_Sensor_power,H1,0.001,0.0,100.0,-0.0001,10.42,3,ML,SUCCESS,
PatchTST,ZWave7_bookcase_Sensor_power,H1,0.001,0.0,99.5774,0.0065,26.48,125825,ML,SUCCESS,
TFT,ZWave7_bookcase_Sensor_power,H1,0.001,0.0,100.0001,-0.0001,22.6,28435,ML,SUCCESS,
Naive,ZWave7_bookcase_Sensor_power,H5,0.001,0.0,100.0,-0.0001,0.05,1,ML,SUCCESS,
Ridge,ZWave7_bookcase_Sensor_power,H5,0.0012,0.0001,98.4985,-0.496,0.07,51,ML,SUCCESS,
ElasticNet,ZWave7_bookcase_Sensor_power,H5,0.001,0.0,99.991,-0.0,0.12,51,ML,SUCCESS,
RandomForest,ZWave7_bookcase_Sensor_power,H5,0.0011,0.0,99.8462,-0.1728,8.7,8720,ML,SUCCESS,
ExtraTrees,ZWave7_bookcase_Sensor_power,H5,0.0011,0.0,99.6153,-0.1432,10.94,13144,ML,SUCCESS,
KNN,ZWave7_bookcase_Sensor_power,H5,0.0011,0.0,100.0,-0.2771,57.57,12748850,ML,SUCCESS,
CatBoost,ZWave7_bookcase_Sensor_power,H5,0.0011,0.0,99.9265,-0.1896,6.13,64000,ML,SUCCESS,
LightGBM,ZWave7_bookcase_Sensor_power,H5,0.0013,0.0001,95.0872,-0.575,1.54,10116,ML,SUCCESS,
XGBoost,ZWave7_bookcase_Sensor_power,H5,0.0012,0.0,99.7788,-0.5194,2.99,2918,ML,SUCCESS,
NGBoost,ZWave7_bookcase_Sensor_power,H5,0.0011,0.0,99.6199,-0.2382,184.69,12800,ML,SUCCESS,
Prophet,ZWave7_bookcase_Sensor_power,H5,0.001,0.0,99.981,-0.0006,27.96,51,ML,SUCCESS,
SARIMAX,ZWave7_bookcase_Sensor_power,H5,0.001,0.0,100.0,-0.0001,10.5,3,ML,SUCCESS,
PatchTST,ZWave7_bookcase_Sensor_power,H5,0.001,0.0,99.6813,0.0052,35.61,125825,ML,SUCCESS,
TFT,ZWave7_bookcase_Sensor_power,H5,0.001,0.0,99.9997,-0.0001,13.87,28435,ML,SUCCESS,
Naive,ZWave7_bookcase_Sensor_power,H12,0.001,0.0,100.0,-0.0001,0.05,1,ML,SUCCESS,
Ridge,ZWave7_bookcase_Sensor_power,H12,0.0011,0.0001,94.6166,-0.2446,0.08,51,ML,SUCCESS,
ElasticNet,ZWave7_bookcase_Sensor_power,H12,0.001,0.0,99.991,-0.0,0.13,51,ML,SUCCESS,
RandomForest,ZWave7_bookcase_Sensor_power,H12,0.001,0.0,100.0,-0.0061,7.54,9732,ML,SUCCESS,
ExtraTrees,ZWave7_bookcase_Sensor_power,H12,0.0011,0.0,98.8462,-0.1344,7.08,13796,ML,SUCCESS,
KNN,ZWave7_bookcase_Sensor_power,H12,0.0011,0.0,100.0,-0.1293,57.72,12748850,ML,SUCCESS,
CatBoost,ZWave7_bookcase_Sensor_power,H12,0.001,0.0,99.8938,-0.0005,6.28,64000,ML,SUCCESS,
LightGBM,ZWave7_bookcase_Sensor_power,H12,0.0012,0.0,108.4941,-0.4232,1.56,9550,ML,SUCCESS,
XGBoost,ZWave7_bookcase_Sensor_power,H12,0.001,0.0,99.9995,-0.0028,2.96,2860,ML,SUCCESS,
NGBoost,ZWave7_bookcase_Sensor_power,H12,0.001,0.0,99.9617,-0.019,186.69,12800,ML,SUCCESS,
Prophet,ZWave7_bookcase_Sensor_power,H12,0.001,0.0,99.9683,-0.0003,22.98,51,ML,SUCCESS,
SARIMAX,ZWave7_bookcase_Sensor_power,H12,0.001,0.0,100.0,-0.0001,10.25,3,ML,SUCCESS,
PatchTST,ZWave7_bookcase_Sensor_power,H12,0.001,0.0,99.1571,0.0059,36.31,125825,ML,SUCCESS,
TFT,ZWave7_bookcase_Sensor_power,H12,0.001,0.0,99.983,0.0001,11.09,28435,ML,SUCCESS,
Naive,ZWave8_on_desk_Sensor_power,H1,0.3043,0.2315,25.7277,-1.3746,0.05,1,ML,SUCCESS,
Ridge,ZWave8_on_desk_Sensor_power,H1,0.0019,0.0001,0.0107,0.9999,0.08,51,ML,SUCCESS,
ElasticNet,ZWave8_on_desk_Sensor_power,H1,0.0507,0.05,7.7833,0.9341,1.9,51,ML,SUCCESS,
RandomForest,ZWave8_on_desk_Sensor_power,H1,0.002,0.0,0.0035,0.9999,15.88,32724,ML,SUCCESS,
ExtraTrees,ZWave8_on_desk_Sensor_power,H1,0.002,0.0001,0.0149,0.9999,15.96,51608,ML,SUCCESS,
KNN,ZWave8_on_desk_Sensor_power,H1,0.0033,0.0001,0.0104,0.9997,57.51,12748850,ML,SUCCESS,
CatBoost,ZWave8_on_desk_Sensor_power,H1,0.0019,0.0001,0.0096,0.9999,7.74,64000,ML,SUCCESS,
LightGBM,ZWave8_on_desk_Sensor_power,H1,0.002,0.0001,0.0114,0.9999,2.69,20094,ML,SUCCESS,
XGBoost,ZWave8_on_desk_Sensor_power,H1,0.002,0.0001,0.0074,0.9999,4.04,22422,ML,SUCCESS,
NGBoost,ZWave8_on_desk_Sensor_power,H1,0.002,0.0001,0.008,0.9999,219.68,12800,ML,SUCCESS,
Prophet,ZWave8_on_desk_Sensor_power,H1,0.3392,0.2646,30.0172,-1.9502,101.92,51,ML,SUCCESS,
SARIMAX,ZWave8_on_desk_Sensor_power,H1,0.6527,0.573,71.7465,-9.9229,5.02,3,ML,SUCCESS,
PatchTST,ZWave8_on_desk_Sensor_power,H1,0.0055,0.0019,0.2691,0.9992,23.65,125825,ML,SUCCESS,
TFT,ZWave8_on_desk_Sensor_power,H1,0.0048,0.0016,0.2264,0.9994,22.41,28435,ML,SUCCESS,
Naive,ZWave8_on_desk_Sensor_power,H5,0.3043,0.2316,25.7291,-1.3748,0.05,1,ML,SUCCESS,
Ridge,ZWave8_on_desk_Sensor_power,H5,0.0043,0.0004,0.0515,0.9995,0.07,51,ML,SUCCESS,
ElasticNet,ZWave8_on_desk_Sensor_power,H5,0.051,0.0501,7.8112,0.9334,1.93,51,ML,SUCCESS,
RandomForest,ZWave8_on_desk_Sensor_power,H5,0.0044,0.0002,0.0234,0.9995,16.48,42964,ML,SUCCESS,
ExtraTrees,ZWave8_on_desk_Sensor_power,H5,0.0044,0.0003,0.0399,0.9995,14.54,59568,ML,SUCCESS,
KNN,ZWave8_on_desk_Sensor_power,H5,0.0081,0.0003,0.0329,0.9983,57.74,12748850,ML,SUCCESS,
CatBoost,ZWave8_on_desk_Sensor_power,H5,0.0042,0.0002,0.0332,0.9996,7.88,64000,ML,SUCCESS,
LightGBM,ZWave8_on_desk_Sensor_power,H5,0.0046,0.0004,0.0517,0.9994,2.92,22464,ML,SUCCESS,
XGBoost,ZWave8_on_desk_Sensor_power,H5,0.0045,0.0002,0.0313,0.9995,5.01,41442,ML,SUCCESS,
NGBoost,ZWave8_on_desk_Sensor_power,H5,0.0044,0.0003,0.035,0.9995,219.27,12800,ML,SUCCESS,
Prophet,ZWave8_on_desk_Sensor_power,H5,0.3396,0.265,30.0595,-1.9562,87.2,51,ML,SUCCESS,
SARIMAX,ZWave8_on_desk_Sensor_power,H5,0.6527,0.573,71.7472,-9.9235,4.95,3,ML,SUCCESS,
PatchTST,ZWave8_on_desk_Sensor_power,H5,0.0059,0.0012,0.1714,0.9991,26.73,125825,ML,SUCCESS,
TFT,ZWave8_on_desk_Sensor_power,H5,0.0058,0.0011,0.1646,0.9991,22.64,28435,ML,SUCCESS,
Naive,ZWave8_on_desk_Sensor_power,H12,0.3044,0.2316,25.7315,-1.3751,0.05,1,ML,SUCCESS,
Ridge,ZWave8_on_desk_Sensor_power,H12,0.0064,0.0008,0.1132,0.9989,0.07,51,ML,SUCCESS,
ElasticNet,ZWave8_on_desk_Sensor_power,H12,0.0513,0.0504,7.8538,0.9325,1.98,51,ML,SUCCESS,
RandomForest,ZWave8_on_desk_Sensor_power,H12,0.0073,0.0004,0.0543,0.9986,15.63,42872,ML,SUCCESS,
ExtraTrees,ZWave8_on_desk_Sensor_power,H12,0.0065,0.0006,0.0752,0.9989,14.87,59288,ML,SUCCESS,
KNN,ZWave8_on_desk_Sensor_power,H12,0.015,0.0007,0.0781,0.9942,57.67,12748850,ML,SUCCESS,
CatBoost,ZWave8_on_desk_Sensor_power,H12,0.0066,0.0007,0.0916,0.9989,8.09,64000,ML,SUCCESS,
LightGBM,ZWave8_on_desk_Sensor_power,H12,0.0068,0.0009,0.1143,0.9988,2.86,22048,ML,SUCCESS,
XGBoost,ZWave8_on_desk_Sensor_power,H12,0.0079,0.0009,0.1073,0.9984,5.23,42440,ML,SUCCESS,
NGBoost,ZWave8_on_desk_Sensor_power,H12,0.0061,0.0005,0.0663,0.9991,218.68,12800,ML,SUCCESS,
Prophet,ZWave8_on_desk_Sensor_power,H12,0.3389,0.2644,29.9795,-1.9448,92.57,51,ML,SUCCESS,
SARIMAX,ZWave8_on_desk_Sensor_power,H12,0.6528,0.573,71.7484,-9.9246,5.05,3,ML,SUCCESS,
PatchTST,ZWave8_on_desk_Sensor_power,H12,0.0074,0.0023,0.3525,0.9986,32.73,125825,ML,SUCCESS,
TFT,ZWave8_on_desk_Sensor_power,H12,0.0074,0.0027,0.4027,0.9986,18.95,28435,ML,SUCCESS,
Naive,ZWave_Node_031_SERVER_SB_Sensor_power,H1,49.4409,37.4467,49.2386,-1.3448,0.09,1,ML,SUCCESS,
Ridge,ZWave_Node_031_SERVER_SB_Sensor_power,H1,1.314,0.4863,0.87,0.9983,0.09,51,ML,SUCCESS,
ElasticNet,ZWave_Node_031_SERVER_SB_Sensor_power,H1,1.8065,0.9174,1.4524,0.9969,2.37,51,ML,SUCCESS,
RandomForest,ZWave_Node_031_SERVER_SB_Sensor_power,H1,5.3087,3.2175,4.0727,0.973,49.75,240676,ML,SUCCESS,
ExtraTrees,ZWave_Node_031_SERVER_SB_Sensor_power,H1,13.5068,9.1413,10.8094,0.825,17.95,186640,ML,SUCCESS,
KNN,ZWave_Node_031_SERVER_SB_Sensor_power,H1,25.6795,19.0204,25.2525,0.3674,76.16,14644900,ML,SUCCESS,
CatBoost,ZWave_Node_031_SERVER_SB_Sensor_power,H1,33.156,23.8051,28.1938,-0.0545,9.16,64000,ML,SUCCESS,
LightGBM,ZWave_Node_031_SERVER_SB_Sensor_power,H1,24.031,15.5505,18.3399,0.4461,3.68,30176,ML,SUCCESS,
XGBoost,ZWave_Node_031_SERVER_SB_Sensor_power,H1,40.7017,29.801,36.608,-0.5891,7.0,53432,ML,SUCCESS,
NGBoost,ZWave_Node_031_SERVER_SB_Sensor_power,H1,19.6166,13.0793,15.4202,0.6309,692.18,12800,ML,SUCCESS,
Prophet,ZWave_Node_031_SERVER_SB_Sensor_power,H1,48.4116,36.0517,45.4656,-1.2481,72.0,51,ML,SUCCESS,
SARIMAX,ZWave_Node_031_SERVER_SB_Sensor_power,H1,64.8974,56.1847,99.2771,-3.04,4.88,3,ML,SUCCESS,
PatchTST,ZWave_Node_031_SERVER_SB_Sensor_power,H1,25.3326,18.3506,22.2603,0.3844,66.93,125825,ML,SUCCESS,
TFT,ZWave_Node_031_SERVER_SB_Sensor_power,H1,27.0966,19.3272,23.161,0.2957,23.12,28435,ML,SUCCESS,
Naive,ZWave_Node_031_SERVER_SB_Sensor_power,H5,49.4281,37.4301,49.1918,-1.3436,0.07,1,ML,SUCCESS,
Ridge,ZWave_Node_031_SERVER_SB_Sensor_power,H5,2.452,1.2459,2.0052,0.9942,0.08,51,ML,SUCCESS,
ElasticNet,ZWave_Node_031_SERVER_SB_Sensor_power,H5,2.6305,1.4139,2.2018,0.9934,2.35,51,ML,SUCCESS,
RandomForest,ZWave_Node_031_SERVER_SB_Sensor_power,H5,25.5282,17.4051,20.4977,0.3749,56.35,201204,ML,SUCCESS,
ExtraTrees,ZWave_Node_031_SERVER_SB_Sensor_power,H5,26.1121,18.4871,22.139,0.3459,17.45,177932,ML,SUCCESS,
KNN,ZWave_Node_031_SERVER_SB_Sensor_power,H5,26.2077,19.4837,26.0308,0.3411,76.18,14644900,ML,SUCCESS,
CatBoost,ZWave_Node_031_SERVER_SB_Sensor_power,H5,40.3935,29.5219,36.0912,-0.5651,9.1,64000,ML,SUCCESS,
LightGBM,ZWave_Node_031_SERVER_SB_Sensor_power,H5,36.6096,25.224,31.0638,-0.2856,3.7,30564,ML,SUCCESS,
XGBoost,ZWave_Node_031_SERVER_SB_Sensor_power,H5,43.1378,31.6516,38.9531,-0.785,7.36,56954,ML,SUCCESS,
NGBoost,ZWave_Node_031_SERVER_SB_Sensor_power,H5,39.3466,28.4577,34.1262,-0.4851,690.62,12800,ML,SUCCESS,
Prophet,ZWave_Node_031_SERVER_SB_Sensor_power,H5,48.4073,36.0475,45.4544,-1.2478,84.07,51,ML,SUCCESS,
SARIMAX,ZWave_Node_031_SERVER_SB_Sensor_power,H5,64.8985,56.1861,99.2764,-3.0402,4.87,3,ML,SUCCESS,
PatchTST,ZWave_Node_031_SERVER_SB_Sensor_power,H5,33.8063,25.0182,31.4857,-0.0963,36.71,125825,ML,SUCCESS,
TFT,ZWave_Node_031_SERVER_SB_Sensor_power,H5,18.4622,12.8921,16.2729,0.673,26.59,28435,ML,SUCCESS,
Naive,ZWave_Node_031_SERVER_SB_Sensor_power,H12,49.4057,37.4011,49.1098,-1.3415,0.06,1,ML,SUCCESS,
Ridge,ZWave_Node_031_SERVER_SB_Sensor_power,H12,3.393,1.8726,2.9443,0.989,0.08,51,ML,SUCCESS,
ElasticNet,ZWave_Node_031_SERVER_SB_Sensor_power,H12,3.3711,1.8867,2.9222,0.9891,2.46,51,ML,SUCCESS,
RandomForest,ZWave_Node_031_SERVER_SB_Sensor_power,H12,32.9812,22.0994,26.7108,-0.0435,54.67,196772,ML,SUCCESS,
ExtraTrees,ZWave_Node_031_SERVER_SB_Sensor_power,H12,35.5835,25.3098,30.2265,-0.2146,19.25,178136,ML,SUCCESS,
KNN,ZWave_Node_031_SERVER_SB_Sensor_power,H12,27.3906,20.4064,27.3207,0.2803,75.85,14644900,ML,SUCCESS,
CatBoost,ZWave_Node_031_SERVER_SB_Sensor_power,H12,44.0466,32.3132,39.7932,-0.8611,9.36,64000,ML,SUCCESS,
LightGBM,ZWave_Node_031_SERVER_SB_Sensor_power,H12,45.8828,31.5552,38.7676,-1.0195,3.77,30924,ML,SUCCESS,
XGBoost,ZWave_Node_031_SERVER_SB_Sensor_power,H12,43.9652,32.5584,41.1725,-0.8542,7.55,57672,ML,SUCCESS,
NGBoost,ZWave_Node_031_SERVER_SB_Sensor_power,H12,34.5715,25.2002,31.0925,-0.1465,686.08,12800,ML,SUCCESS,
Prophet,ZWave_Node_031_SERVER_SB_Sensor_power,H12,48.4109,36.0524,45.4626,-1.2482,87.35,51,ML,SUCCESS,
SARIMAX,ZWave_Node_031_SERVER_SB_Sensor_power,H12,64.9006,56.1885,99.2752,-3.0406,4.95,3,ML,SUCCESS,
PatchTST,ZWave_Node_031_SERVER_SB_Sensor_power,H12,38.7768,28.6413,35.6913,-0.4424,27.42,125825,ML,SUCCESS,
TFT,ZWave_Node_031_SERVER_SB_Sensor_power,H12,39.6503,29.2074,36.2507,-0.5081,21.05,28435,ML,SUCCESS,
LSTM,ZWave2_Metered_Wall_Plug_Switch_computers_Sensor_power,H1,3.8428,2.2185,,0.7316,3.92,59075,DeepLearning,SUCCESS,
LSTM,ZWave2_Metered_Wall_Plug_Switch_computers_Sensor_power,H5,4.7974,2.5905,,0.5817,3.92,59075,DeepLearning,SUCCESS,
LSTM,ZWave2_Metered_Wall_Plug_Switch_computers_Sensor_power,H12,5.712,3.061,,0.407,3.92,59075,DeepLearning,SUCCESS,
GRU,ZWave2_Metered_Wall_Plug_Switch_computers_Sensor_power,H1,3.6834,2.1047,,0.7534,2.64,44355,DeepLearning,SUCCESS,
GRU,ZWave2_Metered_Wall_Plug_Switch_computers_Sensor_power,H5,4.7411,2.5489,,0.5915,2.64,44355,DeepLearning,SUCCESS,
GRU,ZWave2_Metered_Wall_Plug_Switch_computers_Sensor_power,H12,5.7119,3.0762,,0.407,2.64,44355,DeepLearning,SUCCESS,
BiLSTM,ZWave2_Metered_Wall_Plug_Switch_computers_Sensor_power,H1,3.6523,2.0861,,0.7575,5.89,150915,DeepLearning,SUCCESS,
BiLSTM,ZWave2_Metered_Wall_Plug_Switch_computers_Sensor_power,H5,4.7813,2.5873,,0.5845,5.89,150915,DeepLearning,SUCCESS,
BiLSTM,ZWave2_Metered_Wall_Plug_Switch_computers_Sensor_power,H12,5.8145,3.1597,,0.3855,5.89,150915,DeepLearning,SUCCESS,
LSTM,ZWave_Node_016_the_whole_multiplier_over_the_window_Sensor_power,H1,2.6834,0.4928,,0.8576,9.1,59075,DeepLearning,SUCCESS,
LSTM,ZWave_Node_016_the_whole_multiplier_over_the_window_Sensor_power,H5,3.6876,0.6249,,0.7311,9.1,59075,DeepLearning,SUCCESS,
LSTM,ZWave_Node_016_the_whole_multiplier_over_the_window_Sensor_power,H12,4.9591,0.9102,,0.5138,9.1,59075,DeepLearning,SUCCESS,
GRU,ZWave_Node_016_the_whole_multiplier_over_the_window_Sensor_power,H1,2.7034,0.7958,,0.8555,5.24,44355,DeepLearning,SUCCESS,
GRU,ZWave_Node_016_the_whole_multiplier_over_the_window_Sensor_power,H5,3.7943,0.8959,,0.7154,5.24,44355,DeepLearning,SUCCESS,
GRU,ZWave_Node_016_the_whole_multiplier_over_the_window_Sensor_power,H12,5.0518,1.1586,,0.4954,5.24,44355,DeepLearning,SUCCESS,
BiLSTM,ZWave_Node_016_the_whole_multiplier_over_the_window_Sensor_power,H1,3.051,0.6806,,0.816,11.66,150915,DeepLearning,SUCCESS,
BiLSTM,ZWave_Node_016_the_whole_multiplier_over_the_window_Sensor_power,H5,3.9649,0.8483,,0.6892,11.66,150915,DeepLearning,SUCCESS,
BiLSTM,ZWave_Node_016_the_whole_multiplier_over_the_window_Sensor_power,H12,5.0995,1.1708,,0.4858,11.66,150915,DeepLearning,SUCCESS,
LSTM,ZWave_Node_042_ZW095_Home_Energy_Meter__Gen_5_Electric_meter_watts,H1,13.4495,6.8599,,0.7028,3.27,59075,DeepLearning,SUCCESS,
LSTM,ZWave_Node_042_ZW095_Home_Energy_Meter__Gen_5_Electric_meter_watts,H5,16.6166,7.1181,,0.5466,3.27,59075,DeepLearning,SUCCESS,
LSTM,ZWave_Node_042_ZW095_Home_Energy_Meter__Gen_5_Electric_meter_watts,H12,19.7726,7.8595,,0.3584,3.27,59075,DeepLearning,SUCCESS,
GRU,ZWave_Node_042_ZW095_Home_Energy_Meter__Gen_5_Electric_meter_watts,H1,12.9383,6.8416,,0.725,2.9,44355,DeepLearning,SUCCESS,
GRU,ZWave_Node_042_ZW095_Home_Energy_Meter__Gen_5_Electric_meter_watts,H5,16.4994,7.1614,,0.5529,2.9,44355,DeepLearning,SUCCESS,
GRU,ZWave_Node_042_ZW095_Home_Energy_Meter__Gen_5_Electric_meter_watts,H12,19.9628,8.0789,,0.346,2.9,44355,DeepLearning,SUCCESS,
BiLSTM,ZWave_Node_042_ZW095_Home_Energy_Meter__Gen_5_Electric_meter_watts,H1,12.8173,6.5244,,0.7301,5.98,150915,DeepLearning,SUCCESS,
BiLSTM,ZWave_Node_042_ZW095_Home_Energy_Meter__Gen_5_Electric_meter_watts,H5,16.9325,7.2537,,0.5291,5.98,150915,DeepLearning,SUCCESS,
BiLSTM,ZWave_Node_042_ZW095_Home_Energy_Meter__Gen_5_Electric_meter_watts,H12,20.9289,8.478,,0.2812,5.98,150915,DeepLearning,SUCCESS,
LSTM,ZWave_Node_042_ZW095_Home_Energy_Meter__Gen_5_Electric_meter_watts_2,H1,7.4454,4.3694,,0.8608,3.35,59075,DeepLearning,SUCCESS,
LSTM,ZWave_Node_042_ZW095_Home_Energy_Meter__Gen_5_Electric_meter_watts_2,H5,8.5259,4.5457,,0.8175,3.35,59075,DeepLearning,SUCCESS,
LSTM,ZWave_Node_042_ZW095_Home_Energy_Meter__Gen_5_Electric_meter_watts_2,H12,9.637,4.9255,,0.7669,3.35,59075,DeepLearning,SUCCESS,
GRU,ZWave_Node_042_ZW095_Home_Energy_Meter__Gen_5_Electric_meter_watts_2,H1,7.6199,4.875,,0.8542,7.44,44355,DeepLearning,SUCCESS,
GRU,ZWave_Node_042_ZW095_Home_Energy_Meter__Gen_5_Electric_meter_watts_2,H5,9.0838,5.2179,,0.7928,7.44,44355,DeepLearning,SUCCESS,
GRU,ZWave_Node_042_ZW095_Home_Energy_Meter__Gen_5_Electric_meter_watts_2,H12,10.5238,5.5519,,0.7221,7.44,44355,DeepLearning,SUCCESS,
BiLSTM,ZWave_Node_042_ZW095_Home_Energy_Meter__Gen_5_Electric_meter_watts_2,H1,7.23,4.4572,,0.8687,6.01,150915,DeepLearning,SUCCESS,
BiLSTM,ZWave_Node_042_ZW095_Home_Energy_Meter__Gen_5_Electric_meter_watts_2,H5,8.5118,4.6524,,0.8181,6.01,150915,DeepLearning,SUCCESS,
BiLSTM,ZWave_Node_042_ZW095_Home_Energy_Meter__Gen_5_Electric_meter_watts_2,H12,10.073,5.1996,,0.7454,6.01,150915,DeepLearning,SUCCESS,
LSTM,Wall_Plug_2_Sensor_power,H1,1.0624,0.2076,,0.6175,8.5,59075,DeepLearning,SUCCESS,
LSTM,Wall_Plug_2_Sensor_power,H5,1.2415,0.2261,,0.4777,8.5,59075,DeepLearning,SUCCESS,
LSTM,Wall_Plug_2_Sensor_power,H12,1.4178,0.2345,,0.3188,8.5,59075,DeepLearning,SUCCESS,
GRU,Wall_Plug_2_Sensor_power,H1,1.0601,0.1516,,0.6191,8.36,44355,DeepLearning,SUCCESS,
GRU,Wall_Plug_2_Sensor_power,H5,1.2368,0.1496,,0.4816,8.36,44355,DeepLearning,SUCCESS,
GRU,Wall_Plug_2_Sensor_power,H12,1.3902,0.1697,,0.345,8.36,44355,DeepLearning,SUCCESS,
BiLSTM,Wall_Plug_2_Sensor_power,H1,1.0759,0.1596,,0.6077,13.56,150915,DeepLearning,SUCCESS,
BiLSTM,Wall_Plug_2_Sensor_power,H5,1.2479,0.1744,,0.4722,13.56,150915,DeepLearning,SUCCESS,
BiLSTM,Wall_Plug_2_Sensor_power,H12,1.4006,0.1981,,0.3352,13.56,150915,DeepLearning,SUCCESS,
LSTM,WavePlug_UPS_Sensor_power,H1,10.9222,4.7005,,0.9225,11.21,59075,DeepLearning,SUCCESS,
LSTM,WavePlug_UPS_Sensor_power,H5,16.0769,6.6986,,0.8322,11.21,59075,DeepLearning,SUCCESS,
LSTM,WavePlug_UPS_Sensor_power,H12,20.8469,9.5215,,0.7178,11.21,59075,DeepLearning,SUCCESS,
GRU,WavePlug_UPS_Sensor_power,H1,10.3901,4.1399,,0.9299,9.99,44355,DeepLearning,SUCCESS,
GRU,WavePlug_UPS_Sensor_power,H5,15.6784,6.2193,,0.8404,9.99,44355,DeepLearning,SUCCESS,
GRU,WavePlug_UPS_Sensor_power,H12,20.4642,9.0925,,0.7281,9.99,44355,DeepLearning,SUCCESS,
BiLSTM,WavePlug_UPS_Sensor_power,H1,10.4583,3.9195,,0.929,13.74,150915,DeepLearning,SUCCESS,
BiLSTM,WavePlug_UPS_Sensor_power,H5,15.8855,6.2595,,0.8362,13.74,150915,DeepLearning,SUCCESS,
BiLSTM,WavePlug_UPS_Sensor_power,H12,20.7134,9.4221,,0.7214,13.74,150915,DeepLearning,SUCCESS,
LSTM,ZWave5_network_switch_Sensor_power,H1,0.0361,0.0122,,0.8797,38.42,62915,DeepLearning,SUCCESS,
LSTM,ZWave5_network_switch_Sensor_power,H5,0.0508,0.0182,,0.7616,38.42,62915,DeepLearning,SUCCESS,
LSTM,ZWave5_network_switch_Sensor_power,H12,0.0666,0.0256,,0.5902,38.42,62915,DeepLearning,SUCCESS,
GRU,ZWave5_network_switch_Sensor_power,H1,0.0349,0.0119,,0.8874,40.49,47235,DeepLearning,SUCCESS,
GRU,ZWave5_network_switch_Sensor_power,H5,0.0503,0.0176,,0.7665,40.49,47235,DeepLearning,SUCCESS,
GRU,ZWave5_network_switch_Sensor_power,H12,0.0665,0.0262,,0.5919,40.49,47235,DeepLearning,SUCCESS,
BiLSTM,ZWave5_network_switch_Sensor_power,H1,0.0352,0.0115,,0.8855,60.53,158595,DeepLearning,SUCCESS,
BiLSTM,ZWave5_network_switch_Sensor_power,H5,0.05,0.0167,,0.7692,60.53,158595,DeepLearning,SUCCESS,
BiLSTM,ZWave5_network_switch_Sensor_power,H12,0.067,0.0253,,0.5852,60.53,158595,DeepLearning,SUCCESS,
LSTM,ZWave7_bookcase_Sensor_power,H1,0.001,0.0,,0.0399,17.74,62915,DeepLearning,SUCCESS,
LSTM,ZWave7_bookcase_Sensor_power,H5,0.001,0.0,,-0.0476,17.74,62915,DeepLearning,SUCCESS,
LSTM,ZWave7_bookcase_Sensor_power,H12,0.001,0.0,,-0.002,17.74,62915,DeepLearning,SUCCESS,
GRU,ZWave7_bookcase_Sensor_power,H1,0.001,0.0,,0.0046,10.75,47235,DeepLearning,SUCCESS,
GRU,ZWave7_bookcase_Sensor_power,H5,0.001,0.0,,-0.0485,10.75,47235,DeepLearning,SUCCESS,
GRU,ZWave7_bookcase_Sensor_power,H12,0.001,0.0,,-0.0117,10.75,47235,DeepLearning,SUCCESS,
BiLSTM,ZWave7_bookcase_Sensor_power,H1,0.001,0.0,,0.0268,24.03,158595,DeepLearning,SUCCESS,
BiLSTM,ZWave7_bookcase_Sensor_power,H5,0.001,0.0,,-0.0591,24.03,158595,DeepLearning,SUCCESS,
BiLSTM,ZWave7_bookcase_Sensor_power,H12,0.001,0.0,,0.0007,24.03,158595,DeepLearning,SUCCESS,
LSTM,ZWave8_on_desk_Sensor_power,H1,0.0059,0.0043,,0.9991,13.3,62915,DeepLearning,SUCCESS,
LSTM,ZWave8_on_desk_Sensor_power,H5,0.0068,0.0044,,0.9988,13.3,62915,DeepLearning,SUCCESS,
LSTM,ZWave8_on_desk_Sensor_power,H12,0.0079,0.0046,,0.9984,13.3,62915,DeepLearning,SUCCESS,
GRU,ZWave8_on_desk_Sensor_power,H1,0.0411,0.0356,,0.9568,10.82,47235,DeepLearning,SUCCESS,
GRU,ZWave8_on_desk_Sensor_power,H5,0.0411,0.0354,,0.9566,10.82,47235,DeepLearning,SUCCESS,
GRU,ZWave8_on_desk_Sensor_power,H12,0.0413,0.0352,,0.9562,10.82,47235,DeepLearning,SUCCESS,
BiLSTM,ZWave8_on_desk_Sensor_power,H1,0.0456,0.0318,,0.9466,30.44,158595,DeepLearning,SUCCESS,
BiLSTM,ZWave8_on_desk_Sensor_power,H5,0.0455,0.0318,,0.9468,30.44,158595,DeepLearning,SUCCESS,
BiLSTM,ZWave8_on_desk_Sensor_power,H12,0.0451,0.0317,,0.9478,30.44,158595,DeepLearning,SUCCESS,
LSTM,ZWave_Node_031_SERVER_SB_Sensor_power,H1,47.5088,35.4459,,-1.1651,62.89,62915,DeepLearning,SUCCESS,
LSTM,ZWave_Node_031_SERVER_SB_Sensor_power,H5,47.8179,35.7223,,-1.1934,62.89,62915,DeepLearning,SUCCESS,
LSTM,ZWave_Node_031_SERVER_SB_Sensor_power,H12,48.1149,35.9734,,-1.2208,62.89,62915,DeepLearning,SUCCESS,
GRU,ZWave_Node_031_SERVER_SB_Sensor_power,H1,46.3573,34.3747,,-1.0614,32.26,47235,DeepLearning,SUCCESS,
GRU,ZWave_Node_031_SERVER_SB_Sensor_power,H5,46.9609,34.8702,,-1.1155,32.26,47235,DeepLearning,SUCCESS,
GRU,ZWave_Node_031_SERVER_SB_Sensor_power,H12,47.8735,35.6166,,-1.1985,32.26,47235,DeepLearning,SUCCESS,
BiLSTM,ZWave_Node_031_SERVER_SB_Sensor_power,H1,50.5857,37.483,,-1.4546,74.4,158595,DeepLearning,SUCCESS,
BiLSTM,ZWave_Node_031_SERVER_SB_Sensor_power,H5,51.1608,38.0207,,-1.5108,74.4,158595,DeepLearning,SUCCESS,
BiLSTM,ZWave_Node_031_SERVER_SB_Sensor_power,H12,51.9776,38.7525,,-1.5917,74.4,158595,DeepLearning,SUCCESS,
Chronos-2,Wall_Plug_2_Sensor_power,H1,1.2467666666666666,0.17906666666666668,19.460266666666666,-22.732666666666663,233.43666666666664,120000000,Foundation,SUCCESS,
Chronos-2,Wall_Plug_2_Sensor_power,H12,1.2468,0.1798,19.609399999999997,-22.748933333333337,237.61666666666665,120000000,Foundation,SUCCESS,
Chronos-2,Wall_Plug_2_Sensor_power,H5,1.2467666666666666,0.17946666666666666,19.5413,-22.738699999999998,230.97333333333336,120000000,Foundation,SUCCESS,
Chronos-2,WavePlug_UPS_Sensor_power,H1,41.9538,25.461,49.484433333333335,-0.1925,221.65333333333334,120000000,Foundation,SUCCESS,
Chronos-2,WavePlug_UPS_Sensor_power,H12,42.40253333333333,25.7315,50.2018,-0.22043333333333334,227.83333333333334,120000000,Foundation,SUCCESS,
Chronos-2,WavePlug_UPS_Sensor_power,H5,42.11676666666667,25.55763333333333,49.74103333333333,-0.2026,230.44666666666663,120000000,Foundation,SUCCESS,
Chronos-2,ZWave2_Metered_Wall_Plug_Switch_computers_Sensor_power,H1,5.052266666666667,3.517466666666666,6.293466666666667,0.5321333333333333,168.51333333333332,120000000,Foundation,SUCCESS,
Chronos-2,ZWave2_Metered_Wall_Plug_Switch_computers_Sensor_power,H12,6.397733333333334,4.061766666666666,7.176933333333333,0.24776666666666666,176.97,120000000,Foundation,SUCCESS,
Chronos-2,ZWave2_Metered_Wall_Plug_Switch_computers_Sensor_power,H5,5.6331999999999995,3.7411999999999996,6.660166666666666,0.4186,167.19000000000003,120000000,Foundation,SUCCESS,
Chronos-2,ZWave5_network_switch_Sensor_power,H1,0.11096666666666666,0.056266666666666666,1.6123666666666665,-0.1545,860.2566666666667,120000000,Foundation,SUCCESS,
Chronos-2,ZWave5_network_switch_Sensor_power,H12,0.11096666666666666,0.056266666666666666,1.6123666666666665,-0.1545,836.4233333333333,120000000,Foundation,SUCCESS,
Chronos-2,ZWave5_network_switch_Sensor_power,H5,0.11096666666666666,0.056266666666666666,1.6123666666666665,-0.1545,838.4433333333333,120000000,Foundation,SUCCESS,
Chronos-2,ZWave7_bookcase_Sensor_power,H1,0.23786666666666667,0.032433333333333335,160.10555,-65350.55969999999,843.2866666666665,120000000,Foundation,SUCCESS,
Chronos-2,ZWave7_bookcase_Sensor_power,H12,0.23786666666666667,0.032433333333333335,258.71705000000003,-65348.30956666666,829.6866666666666,120000000,Foundation,SUCCESS,
Chronos-2,ZWave7_bookcase_Sensor_power,H5,0.23786666666666667,0.032433333333333335,375.83815000000004,-65346.20443333333,834.8433333333332,120000000,Foundation,SUCCESS,
Chronos-2,ZWave8_on_desk_Sensor_power,H1,0.24986666666666668,0.23153333333333334,25.727533333333337,-1.0817285121947561e+30,824.5433333333334,120000000,Foundation,SUCCESS,
Chronos-2,ZWave8_on_desk_Sensor_power,H12,0.2499,0.23156666666666667,25.731366666666663,-1.0817285121947561e+30,837.02,120000000,Foundation,SUCCESS,
Chronos-2,ZWave8_on_desk_Sensor_power,H5,0.2499,0.23156666666666667,25.728933333333334,-1.0817285121947561e+30,829.2599999999999,120000000,Foundation,SUCCESS,
Chronos-2,ZWave_Node_016_the_whole_multiplier_over_the_window_Sensor_power,H1,6.2334000000000005,1.3874000000000002,39.2734,-32.644800000000004,211.0533333333333,120000000,Foundation,SUCCESS,
Chronos-2,ZWave_Node_016_the_whole_multiplier_over_the_window_Sensor_power,H12,6.235233333333333,1.3909333333333331,39.375933333333336,-32.6537,209.98000000000002,120000000,Foundation,SUCCESS,
Chronos-2,ZWave_Node_016_the_whole_multiplier_over_the_window_Sensor_power,H5,6.2342,1.3888333333333334,39.314,-32.64536666666667,209.12666666666667,120000000,Foundation,SUCCESS,
Chronos-2,ZWave_Node_031_SERVER_SB_Sensor_power,H1,39.67626666666667,35.370733333333334,45.10613333333333,-15.600833333333332,964.1233333333333,120000000,Foundation,SUCCESS,
Chronos-2,ZWave_Node_031_SERVER_SB_Sensor_power,H12,39.682700000000004,35.3758,45.11256666666666,-15.623199999999999,962.1933333333333,120000000,Foundation,SUCCESS,
Chronos-2,ZWave_Node_031_SERVER_SB_Sensor_power,H5,39.6789,35.37263333333333,45.1088,-15.610533333333331,963.8566666666667,120000000,Foundation,SUCCESS,
Chronos-2,ZWave_Node_042_ZW095_Home_Energy_Meter__Gen_5_Electric_meter_watts,H1,27.717233333333336,21.0919,3.0192666666666668,-0.7923666666666667,197.7733333333333,120000000,Foundation,SUCCESS,
Chronos-2,ZWave_Node_042_ZW095_Home_Energy_Meter__Gen_5_Electric_meter_watts,H12,28.061766666666667,21.242500000000003,3.0408999999999993,-0.8434333333333334,209.32666666666668,120000000,Foundation,SUCCESS,
Chronos-2,ZWave_Node_042_ZW095_Home_Energy_Meter__Gen_5_Electric_meter_watts,H5,27.876266666666666,21.1742,3.0313000000000003,-0.8155999999999999,194.42999999999998,120000000,Foundation,SUCCESS,
Chronos-2,ZWave_Node_042_ZW095_Home_Energy_Meter__Gen_5_Electric_meter_watts_2,H1,32.20633333333333,29.004266666666666,10.623833333333334,-3.308566666666666,211.66333333333333,120000000,Foundation,SUCCESS,
Chronos-2,ZWave_Node_042_ZW095_Home_Energy_Meter__Gen_5_Electric_meter_watts_2,H12,32.27276666666666,29.0556,10.643533333333332,-3.3368,215.51333333333332,120000000,Foundation,SUCCESS,
Chronos-2,ZWave_Node_042_ZW095_Home_Energy_Meter__Gen_5_Electric_meter_watts_2,H5,32.23466666666667,29.024666666666672,10.631866666666667,-3.3204666666666665,210.41666666666666,120000000,Foundation,SUCCESS,
Chronos-1,WavePlug_UPS_Sensor_power,H1,37.0026,14.3947,,0.0865,,200000000,Foundation,SUCCESS,500.0
Chronos-1,WavePlug_UPS_Sensor_power,H5,42.3586,18.7167,,-0.2084,,200000000,Foundation,SUCCESS,500.0
Chronos-1,WavePlug_UPS_Sensor_power,H12,43.3865,20.4329,,-0.2711,,200000000,Foundation,SUCCESS,500.0
Chronos-1,ZWave2_Metered_Wall_Plug_Switch_computers_Sensor_power,H1,11.489,3.228,,0.315,,200000000,Foundation,SUCCESS,500.0
Chronos-1,ZWave2_Metered_Wall_Plug_Switch_computers_Sensor_power,H5,13.4451,3.7618,,0.0615,,200000000,Foundation,SUCCESS,500.0
Chronos-1,ZWave2_Metered_Wall_Plug_Switch_computers_Sensor_power,H12,14.9851,4.5199,,-0.1668,,200000000,Foundation,SUCCESS,500.0
